"Status","Start Time","Stop Time","Duration in ms","Parent Suite","Suite","Sub Suite","Test Class","Test Method","Name","Description"
"passed","Tue Jul 25 15:46:02 GMT 2023","Tue Jul 25 15:46:04 GMT 2023","1863","Surefire suite","Surefire test","tests.ManageJenkinsTest","tests.ManageJenkinsTest","testCreateUserWithIncorrectCharactersInName","testCreateUserWithIncorrectCharactersInName","Try to create user with invalid characters in name and verify that error message 'User name must only contain alphanumeric characters, underscore and dash' appeared"
"passed","Tue Jul 25 15:45:36 GMT 2023","Tue Jul 25 15:45:37 GMT 2023","1716","Surefire suite","Surefire test","tests.ManageJenkinsTest","tests.ManageJenkinsTest","testCreateUserWithEmptyEmailAddress","testCreateUserWithEmptyEmailAddress","Try to create user with empty E-mail address and verify that error message 'Invalid e-mail address' appeared"
"passed","Tue Jul 25 15:47:41 GMT 2023","Tue Jul 25 15:47:43 GMT 2023","1856","Surefire suite","Surefire test","tests.MultibranchPipelineTest","tests.MultibranchPipelineTest","testDeleteMultibranchPipelineUsingDropDown","testDeleteMultibranchPipelineUsingDropDown","Check if MultibranchPipeline can be deleted"
"passed","Tue Jul 25 15:44:59 GMT 2023","Tue Jul 25 15:45:00 GMT 2023","666","Surefire suite","Surefire test","tests.BuildHistoryTest","tests.BuildHistoryTest","testRedirectToMainPage","testRedirectToMainPage","Verify that click on Dashboard on 'BuildHistory' page redirects to the main page"
"passed","Tue Jul 25 15:42:24 GMT 2023","Tue Jul 25 15:42:27 GMT 2023","2204","Surefire suite","Surefire test","tests.PipelineTest","tests.PipelineTest","testPipelineSideMenuLinks","testPipelineSideMenuLinks","Verify after clicking on the 'Existing Job' we can see left panel with Side Menu links: Changes, Build Now,Configure, Delete Pipeline, Full Stage View, Rename, Pipeline Syntax"
"passed","Tue Jul 25 15:49:47 GMT 2023","Tue Jul 25 15:49:49 GMT 2023","1923","Surefire suite","Surefire test","tests.MultiConfigurationProjectTest","tests.MultiConfigurationProjectTest","testMultiConfigurationProjectDisableCheckIconProjectName","testMultiConfigurationProjectDisableCheckIconProjectName","Verify that when you turn off the project, the project icon changes its status to 'disable' on the project configuration page"
"passed","Tue Jul 25 15:52:15 GMT 2023","Tue Jul 25 15:52:15 GMT 2023","0","Surefire suite","Surefire test","runner.order.OrderForTestsTest","runner.order.OrderForTestsTest","orderMethodsNoDepTest","orderMethodsNoDepTest",""
"unknown","Tue Jul 25 15:40:04 GMT 2023","Tue Jul 25 15:40:04 GMT 2023","0","Surefire suite","Surefire test","tests.PipelineTest","tests.PipelineTest","testBuildParametrizedProject","testBuildParametrizedProject","Verify Console Output contains Tests result 'BUILD SUCCESS' and Message: 'Finished: SUCCESS' if build parametrized project"
"passed","Tue Jul 25 15:47:22 GMT 2023","Tue Jul 25 15:47:22 GMT 2023","454","Surefire suite","Surefire test","tests.ManageJenkinsTest","tests.ManageJenkinsTest","testNewFullNameAfterReLogging","testNewFullNameAfterReLogging","Verify that the user, after logging out of the session, in which changing of the FullName have been made, is able to see the 'new FullName' in the header when logging in again"
"passed","Tue Jul 25 15:52:01 GMT 2023","Tue Jul 25 15:52:03 GMT 2023","1484","Surefire suite","Surefire test","tests.NewItemTest","tests.NewItemTest","testCreatePipelineAssertInsideJob","testCreatePipelineAssertInsideJob","Verify that pipeline project can be created and assert it on job page"
"passed","Tue Jul 25 15:51:32 GMT 2023","Tue Jul 25 15:51:32 GMT 2023","531","Surefire suite","Surefire test","tests.NewItemTest","tests.NewItemTest","testCreateNewItemWithSpecialCharacterName","testCreateNewItemWithSpecialCharacterName","Verify that creating NewItem with special characters is not possible"
"passed","Tue Jul 25 15:51:25 GMT 2023","Tue Jul 25 15:51:25 GMT 2023","577","Surefire suite","Surefire test","tests.NewItemTest","tests.NewItemTest","testCreateNewItemWithSpecialCharacterName","testCreateNewItemWithSpecialCharacterName","Verify that creating NewItem with special characters is not possible"
"passed","Tue Jul 25 15:50:14 GMT 2023","Tue Jul 25 15:50:21 GMT 2023","6812","Surefire suite","Surefire test","tests.MultiConfigurationProjectTest","tests.MultiConfigurationProjectTest","testNewestBuildsButton","testNewestBuildsButton","Verify that set build can steps and successfully build the project"
"passed","Tue Jul 25 15:51:06 GMT 2023","Tue Jul 25 15:51:07 GMT 2023","1228","Surefire suite","Surefire test","tests.NewItemTest","tests.NewItemTest","testCreateNewFreestyleProject","testCreateNewFreestyleProject","Check if a new freestyle project can be created"
"passed","Tue Jul 25 15:51:28 GMT 2023","Tue Jul 25 15:51:28 GMT 2023","503","Surefire suite","Surefire test","tests.NewItemTest","tests.NewItemTest","testCreateNewItemWithSpecialCharacterName","testCreateNewItemWithSpecialCharacterName","Verify that creating NewItem with special characters is not possible"
"passed","Tue Jul 25 15:48:18 GMT 2023","Tue Jul 25 15:48:21 GMT 2023","2151","Surefire suite","Surefire test","tests.FolderTest","tests.FolderTest","testCreateFolderInFolderFromNewItem","testCreateFolderInFolderFromNewItem","Verify the ability to create a new folder in existing folder using the 'New Item' option"
"unknown","Tue Jul 25 15:40:04 GMT 2023","Tue Jul 25 15:40:04 GMT 2023","0","Surefire suite","Surefire test","tests.ViewsTest","tests.ViewsTest","testGlobalViewAddFilterBuildQueue","testGlobalViewAddFilterBuildQueue",""
"unknown","Tue Jul 25 15:40:03 GMT 2023","Tue Jul 25 15:40:03 GMT 2023","0","Surefire suite","Surefire test","tests.FreestyleProjectTest","tests.FreestyleProjectTest","testConfigureSourceCodeByGIT","testConfigureSourceCodeByGIT","Verify if project sourced by GitHub successfully built"
"passed","Tue Jul 25 15:44:58 GMT 2023","Tue Jul 25 15:44:58 GMT 2023","502","Surefire suite","Surefire test","tests.BuildHistoryTest","tests.BuildHistoryTest","testNumberOfColumnsInProjectStatusTable","testNumberOfColumnsInProjectStatusTable","Verify the number of columns in 'Project Status' table on the 'Build History' page"
"passed","Tue Jul 25 15:48:23 GMT 2023","Tue Jul 25 15:48:24 GMT 2023","958","Surefire suite","Surefire test","tests.FolderTest","tests.FolderTest","testRenameFolderWithDescription","testRenameFolderWithDescription","Verify the ability to rename a folder's name with a description"
"unknown","Tue Jul 25 15:40:04 GMT 2023","Tue Jul 25 15:40:04 GMT 2023","0","Surefire suite","Surefire test","tests.ViewsTest","tests.ViewsTest","testListViewChangeColumnOrder","testListViewChangeColumnOrder",""
"passed","Tue Jul 25 15:44:21 GMT 2023","Tue Jul 25 15:44:25 GMT 2023","3655","Surefire suite","Surefire test","tests.OrganizationFolderTest","tests.OrganizationFolderTest","testMoveOrgFolderToFolder","testMoveOrgFolderToFolder","The Organization folder can be moved to folder"
"passed","Tue Jul 25 15:46:27 GMT 2023","Tue Jul 25 15:46:29 GMT 2023","1659","Surefire suite","Surefire test","tests.ManageJenkinsTest","tests.ManageJenkinsTest","testCreateUserWithIncorrectCharactersInName","testCreateUserWithIncorrectCharactersInName","Try to create user with invalid characters in name and verify that error message 'User name must only contain alphanumeric characters, underscore and dash' appeared"
"passed","Tue Jul 25 15:46:57 GMT 2023","Tue Jul 25 15:46:59 GMT 2023","1465","Surefire suite","Surefire test","tests.ManageJenkinsTest","tests.ManageJenkinsTest","testManageOldData","testManageOldData","Verify that there is no entries of old data are found on the 'Manage Old Data' page"
"unknown","Tue Jul 25 15:40:03 GMT 2023","Tue Jul 25 15:40:03 GMT 2023","0","Surefire suite","Surefire test","tests.ViewsTest","tests.ViewsTest","testAddAllItemsToListView","testAddAllItemsToListView",""
"passed","Tue Jul 25 15:52:04 GMT 2023","Tue Jul 25 15:52:05 GMT 2023","991","Surefire suite","Surefire test","tests.NewItemTest","tests.NewItemTest","testCreatePipelineAssertOnBreadcrumbs","testCreatePipelineAssertOnBreadcrumbs","Verify if pipeline project can be created and assert it on breadcrumbs menu"
"passed","Tue Jul 25 15:52:15 GMT 2023","Tue Jul 25 15:52:15 GMT 2023","0","Surefire suite","Surefire test","runner.order.OrderForTestsTest","runner.order.OrderForTestsTest","orderMethodsOneGroupDepTest","orderMethodsOneGroupDepTest",""
"passed","Tue Jul 25 15:47:34 GMT 2023","Tue Jul 25 15:47:37 GMT 2023","2525","Surefire suite","Surefire test","tests.MultibranchPipelineTest","tests.MultibranchPipelineTest","testAddDisplayName","testAddDisplayName","The 'Display name' can be added to the Multibranch Pipeline"
"passed","Tue Jul 25 15:48:52 GMT 2023","Tue Jul 25 15:48:53 GMT 2023","1565","Surefire suite","Surefire test","tests.FolderTest","tests.FolderTest","testDeleteFolderUsingDropDown","testDeleteFolderUsingDropDown","Confirm that the folder was successfully deleted by using the dropdown menu"
"passed","Tue Jul 25 15:42:45 GMT 2023","Tue Jul 25 15:42:47 GMT 2023","2515","Surefire suite","Surefire test","tests.PipelineTest","tests.PipelineTest","testRenamePipelineUsingSpecialCharacter","testRenamePipelineUsingSpecialCharacter","Verify 'Error' page is displayed and '‘<spChar>’ is an unsafe character' error message is displayed if rename pipeline using special character"
"passed","Tue Jul 25 15:47:12 GMT 2023","Tue Jul 25 15:47:19 GMT 2023","6449","Surefire suite","Surefire test","tests.ManageJenkinsTest","tests.ManageJenkinsTest","testPluginManagerInstallPlugin","testPluginManagerInstallPlugin","Verify that installed plugin NOT found in 'Available' tab installed plugin but found in 'Installed' tab"
"passed","Tue Jul 25 15:52:15 GMT 2023","Tue Jul 25 15:52:15 GMT 2023","1","Surefire suite","Surefire test","runner.order.OrderForTestsTest","runner.order.OrderForTestsTest","orderMethodsTwoDifferentGroupsDepTest","orderMethodsTwoDifferentGroupsDepTest",""
"passed","Tue Jul 25 15:50:00 GMT 2023","Tue Jul 25 15:50:02 GMT 2023","2224","Surefire suite","Surefire test","tests.MultiConfigurationProjectTest","tests.MultiConfigurationProjectTest","testMultiConfigurationProjectRenameToInvalidNameViaSideMenu","testMultiConfigurationProjectRenameToInvalidNameViaSideMenu","Verify that the multi-configuration project can be renamed to side menu"
"passed","Tue Jul 25 15:47:44 GMT 2023","Tue Jul 25 15:47:45 GMT 2023","1572","Surefire suite","Surefire test","tests.MultibranchPipelineTest","tests.MultibranchPipelineTest","testDisableMultiBranchPipeline","testDisableMultiBranchPipeline","Verify that the 'Multibranch Pipeline' can be disable"
"passed","Tue Jul 25 15:48:02 GMT 2023","Tue Jul 25 15:48:04 GMT 2023","2143","Surefire suite","Surefire test","tests.MultibranchPipelineTest","tests.MultibranchPipelineTest","testRenameMultiBranchPipelineFromLeftSideMenu","testRenameMultiBranchPipelineFromLeftSideMenu","Verify that 'Multibranch Pipeline' can be renamed from Side menu"
"unknown","Tue Jul 25 15:40:04 GMT 2023","Tue Jul 25 15:40:04 GMT 2023","0","Surefire suite","Surefire test","tests.ViewsTest","tests.ViewsTest","testGlobalViewAddBothFilters","testGlobalViewAddBothFilters",""
"passed","Tue Jul 25 15:46:50 GMT 2023","Tue Jul 25 15:46:53 GMT 2023","2890","Surefire suite","Surefire test","tests.ManageJenkinsTest","tests.ManageJenkinsTest","testDeleteUserGoingFromStatusUserPage","testDeleteUserGoingFromStatusUserPage","Delete user by 'Delete' on the side menu on the 'Status user' page and verify that deleted user is not displayed on the 'People' page"
"passed","Tue Jul 25 15:41:00 GMT 2023","Tue Jul 25 15:41:00 GMT 2023","491","Surefire suite","Surefire test","tests.PeoplePageTest","tests.PeoplePageTest","testPeoplePageContent","testPeoplePageContent","Checking for the presence of required elements on the page: header, footer, buttons"
"passed","Tue Jul 25 15:51:22 GMT 2023","Tue Jul 25 15:51:23 GMT 2023","513","Surefire suite","Surefire test","tests.NewItemTest","tests.NewItemTest","testCreateNewItemWithSpecialCharacterName","testCreateNewItemWithSpecialCharacterName","Verify that creating NewItem with special characters is not possible"
"unknown","Tue Jul 25 15:40:03 GMT 2023","Tue Jul 25 15:40:03 GMT 2023","0","Surefire suite","Surefire test","tests.FreestyleProjectTest","tests.FreestyleProjectTest","testRenameFreestyleProjectToIncorrectViaSideMenu","testRenameFreestyleProjectToIncorrectViaSideMenu","Verify if error message arrears and contains expected text when attempting to rename an existing project with invalid data"
"unknown","Tue Jul 25 15:40:03 GMT 2023","Tue Jul 25 15:40:03 GMT 2023","0","Surefire suite","Surefire test","tests.ViewsTest","tests.ViewsTest","testAddJobsToListView","testAddJobsToListView","Verify that created List Views contains added jobs:Freestyle Poject and Pipeline"
"passed","Tue Jul 25 15:44:25 GMT 2023","Tue Jul 25 15:44:26 GMT 2023","925","Surefire suite","Surefire test","tests.OrganizationFolderTest","tests.OrganizationFolderTest","testMoveOrgFolderToDashboard","testMoveOrgFolderToDashboard","The Organization folder can be moved from folder to dashboard"
"passed","Tue Jul 25 15:43:06 GMT 2023","Tue Jul 25 15:43:08 GMT 2023","2536","Surefire suite","Surefire test","tests.PipelineTest","tests.PipelineTest","testRenamePipelineUsingSpecialCharacter","testRenamePipelineUsingSpecialCharacter","Verify 'Error' page is displayed and '‘<spChar>’ is an unsafe character' error message is displayed if rename pipeline using special character"
"passed","Tue Jul 25 15:49:13 GMT 2023","Tue Jul 25 15:49:15 GMT 2023","1676","Surefire suite","Surefire test","tests.FolderTest","tests.FolderTest","testRenameFolderFromSideMenu","testRenameFolderFromSideMenu","Verify that the name of the folder can be changed through side menu"
"passed","Tue Jul 25 15:48:07 GMT 2023","Tue Jul 25 15:48:09 GMT 2023","1869","Surefire suite","Surefire test","tests.FolderTest","tests.FolderTest","testAddFolderDescriptionFromDropDownConfigure","testAddFolderDescriptionFromDropDownConfigure","Ensure the ability to add a description to an existing folder through the folder's dropdown menu"
"passed","Tue Jul 25 15:51:29 GMT 2023","Tue Jul 25 15:51:29 GMT 2023","537","Surefire suite","Surefire test","tests.NewItemTest","tests.NewItemTest","testCreateNewItemWithSpecialCharacterName","testCreateNewItemWithSpecialCharacterName","Verify that creating NewItem with special characters is not possible"
"passed","Tue Jul 25 15:42:20 GMT 2023","Tue Jul 25 15:42:21 GMT 2023","1250","Surefire suite","Surefire test","tests.PipelineTest","tests.PipelineTest","testPipelineHidePreviewDescription","testPipelineHidePreviewDescription","Verify the preview of description is not displayed if click on the 'Hide preview' link"
"unknown","Tue Jul 25 15:40:04 GMT 2023","Tue Jul 25 15:40:04 GMT 2023","0","Surefire suite","Surefire test","tests.ViewsTest","tests.ViewsTest","testListViewAddNewColumn","testListViewAddNewColumn",""
"unknown","Tue Jul 25 15:40:03 GMT 2023","Tue Jul 25 15:40:03 GMT 2023","0","Surefire suite","Surefire test","tests.FreestyleProjectTest","tests.FreestyleProjectTest","testDownstreamProjectSectionAndListOfConnectedProjectsAppearsOnUpstreamProjectStatusPage","testDownstreamProjectSectionAndListOfConnectedProjectsAppearsOnUpstreamProjectStatusPage","Check the downstream project section and list of connected projects appear on the StatusPage of the Upstream project"
"passed","Tue Jul 25 15:44:52 GMT 2023","Tue Jul 25 15:44:52 GMT 2023","194","Surefire suite","Surefire test","tests.HeaderComponentTest","tests.HeaderComponentTest","testUserNameInHeaderAndInUserPage","testUserNameInHeaderAndInUserPage","Verify that User name in the header and on the User page are the same and the User page has User ID"
"unknown","Tue Jul 25 15:40:03 GMT 2023","Tue Jul 25 15:40:03 GMT 2023","0","Surefire suite","Surefire test","tests.FreestyleProjectTest","tests.FreestyleProjectTest","testFreestyleProjectBuildDateAndTime","testFreestyleProjectBuildDateAndTime","Verify build time displayed in the 'Build History' section of the side menu s the same as system date and time"
"passed","Tue Jul 25 15:48:44 GMT 2023","Tue Jul 25 15:48:45 GMT 2023","599","Surefire suite","Surefire test","tests.FolderTest","tests.FolderTest","testDeleteMultibranchPipelineFromFolder","testDeleteMultibranchPipelineFromFolder","Confirm that the 'Multibranch pipeline' no longer exists within the folder after it has been deleted"
"passed","Tue Jul 25 15:48:46 GMT 2023","Tue Jul 25 15:48:48 GMT 2023","2854","Surefire suite","Surefire test","tests.FolderTest","tests.FolderTest","testCreatePipelineInFolderFromCreateJobButton","testCreatePipelineInFolderFromCreateJobButton","Confirm that a 'Pipeline Project' was created within the folder by using the 'Create a job' button"
"passed","Tue Jul 25 15:42:27 GMT 2023","Tue Jul 25 15:42:30 GMT 2023","2628","Surefire suite","Surefire test","tests.PipelineTest","tests.PipelineTest","testRenamePipelineUsingSpecialCharacter","testRenamePipelineUsingSpecialCharacter","Verify 'Error' page is displayed and '‘<spChar>’ is an unsafe character' error message is displayed if rename pipeline using special character"
"passed","Tue Jul 25 15:46:35 GMT 2023","Tue Jul 25 15:46:37 GMT 2023","1679","Surefire suite","Surefire test","tests.ManageJenkinsTest","tests.ManageJenkinsTest","testCreateUserWithIncorrectCharactersInName","testCreateUserWithIncorrectCharactersInName","Try to create user with invalid characters in name and verify that error message 'User name must only contain alphanumeric characters, underscore and dash' appeared"
"passed","Tue Jul 25 15:51:08 GMT 2023","Tue Jul 25 15:51:10 GMT 2023","2044","Surefire suite","Surefire test","tests.NewItemTest","tests.NewItemTest","testCreateNewFreestyleProjectWithDuplicateName","testCreateNewFreestyleProjectWithDuplicateName","Check if a new freestyle project can be created using the name of already existing project"
"passed","Tue Jul 25 15:45:51 GMT 2023","Tue Jul 25 15:45:53 GMT 2023","1864","Surefire suite","Surefire test","tests.ManageJenkinsTest","tests.ManageJenkinsTest","testCreateUserWithIncorrectCharactersInName","testCreateUserWithIncorrectCharactersInName","Try to create user with invalid characters in name and verify that error message 'User name must only contain alphanumeric characters, underscore and dash' appeared"
"passed","Tue Jul 25 15:45:00 GMT 2023","Tue Jul 25 15:45:01 GMT 2023","596","Surefire suite","Surefire test","tests.BuildHistoryTest","tests.BuildHistoryTest","testRssItemsExist","testRssItemsExist","Verify that the icons of three RSS feeds exist on the 'Build History' page"
"passed","Tue Jul 25 15:46:42 GMT 2023","Tue Jul 25 15:46:45 GMT 2023","2780","Surefire suite","Surefire test","tests.ManageJenkinsTest","tests.ManageJenkinsTest","testDeleteUserGoingFromBuildsUserPage","testDeleteUserGoingFromBuildsUserPage","Delete user by 'Delete' on the side menu on the 'Builds user' page and verify that deleted user is not displayed on the 'People' page"
"passed","Tue Jul 25 15:46:29 GMT 2023","Tue Jul 25 15:46:31 GMT 2023","1883","Surefire suite","Surefire test","tests.ManageJenkinsTest","tests.ManageJenkinsTest","testCreateUserWithIncorrectCharactersInName","testCreateUserWithIncorrectCharactersInName","Try to create user with invalid characters in name and verify that error message 'User name must only contain alphanumeric characters, underscore and dash' appeared"
"passed","Tue Jul 25 15:44:34 GMT 2023","Tue Jul 25 15:44:37 GMT 2023","2780","Surefire suite","Surefire test","tests.HeaderComponentTest","tests.HeaderComponentTest","testCheckTheAppropriateSearchResult","testCheckTheAppropriateSearchResult","Verify that list of search results is not empty and contains expected search request"
"unknown","Tue Jul 25 15:40:04 GMT 2023","Tue Jul 25 15:40:04 GMT 2023","0","Surefire suite","Surefire test","tests.ViewsTest","tests.ViewsTest","testEditDescription","testEditDescription","Verify if description of 'My views' page is edited"
"passed","Tue Jul 25 15:51:39 GMT 2023","Tue Jul 25 15:51:39 GMT 2023","313","Surefire suite","Surefire test","tests.NewItemTest","tests.NewItemTest","testCreateNewItemWithSpecialCharacterName","testCreateNewItemWithSpecialCharacterName","Verify that creating NewItem with special characters is not possible"
"passed","Tue Jul 25 15:47:37 GMT 2023","Tue Jul 25 15:47:40 GMT 2023","2609","Surefire suite","Surefire test","tests.MultibranchPipelineTest","tests.MultibranchPipelineTest","testChangeProjectIcon","testChangeProjectIcon","Verify that project icon can be changed"
"passed","Tue Jul 25 15:49:43 GMT 2023","Tue Jul 25 15:49:45 GMT 2023","1999","Surefire suite","Surefire test","tests.MultiConfigurationProjectTest","tests.MultiConfigurationProjectTest","testMultiConfigurationProjectDisableCheckIconDashboardPage","testMultiConfigurationProjectDisableCheckIconDashboardPage","Check if multi-configuration project can be disabled"
"passed","Tue Jul 25 15:42:52 GMT 2023","Tue Jul 25 15:42:54 GMT 2023","2232","Surefire suite","Surefire test","tests.PipelineTest","tests.PipelineTest","testRenamePipelineUsingSpecialCharacter","testRenamePipelineUsingSpecialCharacter","Verify 'Error' page is displayed and '‘<spChar>’ is an unsafe character' error message is displayed if rename pipeline using special character"
"unknown","Tue Jul 25 15:40:04 GMT 2023","Tue Jul 25 15:40:04 GMT 2023","0","Surefire suite","Surefire test","tests.FreestyleProjectTest","tests.FreestyleProjectTest","testRenameFreestyleProject","testRenameFreestyleProject","Verify if the list of projects' names on Dashboard contains expected Project name.Thus proving that the project renamed successfully."
"passed","Tue Jul 25 15:50:49 GMT 2023","Tue Jul 25 15:50:50 GMT 2023","724","Surefire suite","Surefire test","tests.NewItemTest","tests.NewItemTest","testCreateFreestyleProjectWithSpacesInsteadOfName","testCreateFreestyleProjectWithSpacesInsteadOfName","Check if a new freestyle project with only spaces in name can be created"
"unknown","Tue Jul 25 15:40:03 GMT 2023","Tue Jul 25 15:40:03 GMT 2023","0","Surefire suite","Surefire test","tests.FreestyleProjectTest","tests.FreestyleProjectTest","testBuildGitProjectWithBuildStepsMaven","testBuildGitProjectWithBuildStepsMaven","Test if Console Output page  log contains 'T E S T S' section thus proving that tests of sourced project were run.Test if Console Output log contains 'BUILD SUCCESS' text thus proving that the run was successProject sourced from GitHub using Maven with Build Steps goal: 'test'"
"passed","Tue Jul 25 15:41:11 GMT 2023","Tue Jul 25 15:41:12 GMT 2023","973","Surefire suite","Surefire test","tests.UserProfileTest","tests.UserProfileTest","testUserProfileAddDescription","testUserProfileAddDescription","Verify if the description text on the User Profile page is the same as expected after it has been edited and saved"
"unknown","Tue Jul 25 15:40:03 GMT 2023","Tue Jul 25 15:40:03 GMT 2023","0","Surefire suite","Surefire test","tests.FreestyleProjectTest","tests.FreestyleProjectTest","testFreestyleConfigSideMenu","testFreestyleConfigSideMenu","Verify if all expected lines of the side menu are displayed "
"passed","Tue Jul 25 15:52:08 GMT 2023","Tue Jul 25 15:52:10 GMT 2023","1599","Surefire suite","Surefire test","tests.NewItemTest","tests.NewItemTest","testCreatePipelineExistingNameError","testCreatePipelineExistingNameError","Check if pipeline job can be created with name, that is a name of already existing project"
"passed","Tue Jul 25 15:50:22 GMT 2023","Tue Jul 25 15:50:29 GMT 2023","7409","Surefire suite","Surefire test","tests.MultiConfigurationProjectTest","tests.MultiConfigurationProjectTest","testSetConfigurationMatrix","testSetConfigurationMatrix","Verify that can there wil be create configuration matrix with non build stages"
"passed","Tue Jul 25 15:48:32 GMT 2023","Tue Jul 25 15:48:35 GMT 2023","2709","Surefire suite","Surefire test","tests.FolderTest","tests.FolderTest","testCreateFreestyleProjectInFolderNewItem","testCreateFreestyleProjectInFolderNewItem","Verify the ability to create a 'Freestyle project' in the folder using the option 'New Item'"
"unknown","Tue Jul 25 15:40:04 GMT 2023","Tue Jul 25 15:40:04 GMT 2023","0","Surefire suite","Surefire test","tests.ViewsTest","tests.ViewsTest","testListViewAddFilterBuildQueue","testListViewAddFilterBuildQueue",""
"passed","Tue Jul 25 15:50:56 GMT 2023","Tue Jul 25 15:50:57 GMT 2023","1524","Surefire suite","Surefire test","tests.NewItemTest","tests.NewItemTest","testCreateMultiConfigurationProjectWithValidName","testCreateMultiConfigurationProjectWithValidName","Check if multi-configuration project can be created with valid name"
"passed","Tue Jul 25 15:44:49 GMT 2023","Tue Jul 25 15:44:49 GMT 2023","545","Surefire suite","Surefire test","tests.HeaderComponentTest","tests.HeaderComponentTest","testUserDropdownMenuToOpenCredentialsUserPage","testUserDropdownMenuToOpenCredentialsUserPage","Verify if 'Credentials' link in the User dropdown menu leads to the expected page named as 'Credentials'"
"passed","Tue Jul 25 15:41:32 GMT 2023","Tue Jul 25 15:41:32 GMT 2023","571","Surefire suite","Surefire test","tests.FooterComponentTest","tests.FooterComponentTest","testFooterRestApiClickOnXmlApiDisplayXML","testFooterRestApiClickOnXmlApiDisplayXML","Verification of getting an example XML-schema"
"passed","Tue Jul 25 15:51:33 GMT 2023","Tue Jul 25 15:51:33 GMT 2023","502","Surefire suite","Surefire test","tests.NewItemTest","tests.NewItemTest","testCreateNewItemWithSpecialCharacterName","testCreateNewItemWithSpecialCharacterName","Verify that creating NewItem with special characters is not possible"
"unknown","Tue Jul 25 15:40:03 GMT 2023","Tue Jul 25 15:40:03 GMT 2023","0","Surefire suite","Surefire test","tests.ViewsTest","tests.ViewsTest","testCreateViews","testCreateViews","Verify that Multibranch Pipeline contains expected Views : Global View, List View, My View"
"unknown","Tue Jul 25 15:40:04 GMT 2023","Tue Jul 25 15:40:04 GMT 2023","0","Surefire suite","Surefire test","tests.ViewsTest","tests.ViewsTest","testCreateNewListViewWithExistingJob","testCreateNewListViewWithExistingJob",""
"passed","Tue Jul 25 15:42:38 GMT 2023","Tue Jul 25 15:42:40 GMT 2023","2450","Surefire suite","Surefire test","tests.PipelineTest","tests.PipelineTest","testRenamePipelineUsingSpecialCharacter","testRenamePipelineUsingSpecialCharacter","Verify 'Error' page is displayed and '‘<spChar>’ is an unsafe character' error message is displayed if rename pipeline using special character"
"passed","Tue Jul 25 15:49:57 GMT 2023","Tue Jul 25 15:49:59 GMT 2023","2432","Surefire suite","Surefire test","tests.MultiConfigurationProjectTest","tests.MultiConfigurationProjectTest","testMultiConfigurationProjectRenameProjectViaSideMenu","testMultiConfigurationProjectRenameProjectViaSideMenu","Verify that the 'MultiConfigurationProject' can be renamed in the side menu"
"passed","Tue Jul 25 15:44:14 GMT 2023","Tue Jul 25 15:44:16 GMT 2023","2817","Surefire suite","Surefire test","tests.OrganizationFolderTest","tests.OrganizationFolderTest","testConfigureOrganizationFolderWithName","testConfigureOrganizationFolderWithName","The 'Display name' can be added to the Organization Folder"
"passed","Tue Jul 25 15:46:32 GMT 2023","Tue Jul 25 15:46:34 GMT 2023","1675","Surefire suite","Surefire test","tests.ManageJenkinsTest","tests.ManageJenkinsTest","testCreateUserWithIncorrectCharactersInName","testCreateUserWithIncorrectCharactersInName","Try to create user with invalid characters in name and verify that error message 'User name must only contain alphanumeric characters, underscore and dash' appeared"
"passed","Tue Jul 25 15:42:12 GMT 2023","Tue Jul 25 15:42:14 GMT 2023","1847","Surefire suite","Surefire test","tests.PipelineTest","tests.PipelineTest","testDisablePipelineProjectMessage","testDisablePipelineProjectMessage","Check if pipeline project can be disabled"
"passed","Tue Jul 25 15:43:40 GMT 2023","Tue Jul 25 15:43:52 GMT 2023","11653","Surefire suite","Surefire test","tests.PipelineTest","tests.PipelineTest","testWarningMessageIsDisappeared","testWarningMessageIsDisappeared","Verify if the warning message disappears when 'Name' field of 'Maven section' is filled in and 'Apply' button is clicked"
"passed","Tue Jul 25 15:52:15 GMT 2023","Tue Jul 25 15:52:15 GMT 2023","0","Surefire suite","Surefire test","runner.order.OrderForTestsTest","runner.order.OrderForTestsTest","orderMethodsForkUpDepTest","orderMethodsForkUpDepTest",""
"passed","Tue Jul 25 15:52:13 GMT 2023","Tue Jul 25 15:52:13 GMT 2023","296","Surefire suite","Surefire test","tests.NewItemTest","tests.NewItemTest","testNewItemPageContainsSixItems","testNewItemPageContainsSixItems","Check if NewItemPage contains all six project types: Freestyle project, Pipeline, Multi-configuration project, Folder, Multibranch Pipeline, Organization Folder"
"passed","Tue Jul 25 15:51:24 GMT 2023","Tue Jul 25 15:51:24 GMT 2023","515","Surefire suite","Surefire test","tests.NewItemTest","tests.NewItemTest","testCreateNewItemWithSpecialCharacterName","testCreateNewItemWithSpecialCharacterName","Verify that creating NewItem with special characters is not possible"
"unknown","Tue Jul 25 15:40:04 GMT 2023","Tue Jul 25 15:40:04 GMT 2023","0","Surefire suite","Surefire test","tests.FreestyleProjectTest","tests.FreestyleProjectTest","testViewFreestyleProjectPage","testViewFreestyleProjectPage","Verify if Project name link on the Dashboard forwards to appropriate Project page"
"passed","Tue Jul 25 15:51:21 GMT 2023","Tue Jul 25 15:51:21 GMT 2023","552","Surefire suite","Surefire test","tests.NewItemTest","tests.NewItemTest","testCreateNewItemWithSpecialCharacterName","testCreateNewItemWithSpecialCharacterName","Verify that creating NewItem with special characters is not possible"
"passed","Tue Jul 25 15:48:25 GMT 2023","Tue Jul 25 15:48:27 GMT 2023","2734","Surefire suite","Surefire test","tests.FolderTest","tests.FolderTest","testCreateFreestyleProjectInFolderByNewItemDropDownInCrambMenu","testCreateFreestyleProjectInFolderByNewItemDropDownInCrambMenu","Confirm that the created folder includes the newly created Freestyle Project"
"passed","Tue Jul 25 15:45:30 GMT 2023","Tue Jul 25 15:45:32 GMT 2023","2015","Surefire suite","Surefire test","tests.ManageJenkinsTest","tests.ManageJenkinsTest","testCreateUser","testCreateUser","Create user going from 'Manage Users' page with valid data and verify that new user is created and is displayed on the 'Manage users' page"
"passed","Tue Jul 25 15:51:18 GMT 2023","Tue Jul 25 15:51:19 GMT 2023","506","Surefire suite","Surefire test","tests.NewItemTest","tests.NewItemTest","testCreateNewItemWithSpecialCharacterName","testCreateNewItemWithSpecialCharacterName","Verify that creating NewItem with special characters is not possible"
"passed","Tue Jul 25 15:49:54 GMT 2023","Tue Jul 25 15:49:56 GMT 2023","2271","Surefire suite","Surefire test","tests.MultiConfigurationProjectTest","tests.MultiConfigurationProjectTest","testMultiConfigurationProjectRenameProjectViaDropDownMenu","testMultiConfigurationProjectRenameProjectViaDropDownMenu","Verify that the multi-configuration project can be renamed in the drop-down menu"
"unknown","Tue Jul 25 15:40:03 GMT 2023","Tue Jul 25 15:40:03 GMT 2023","0","Surefire suite","Surefire test","tests.ViewsTest","tests.ViewsTest","testRemoveSomeHeadersFromProjectStatusTableInListView","testRemoveSomeHeadersFromProjectStatusTableInListView",""
"unknown","Tue Jul 25 15:40:03 GMT 2023","Tue Jul 25 15:40:03 GMT 2023","8","Surefire suite","Surefire test","tests.FreestyleProjectTest","tests.FreestyleProjectTest","testEditDescription","testEditDescription","Verify if expected description of the project has been updated"
"passed","Tue Jul 25 15:41:05 GMT 2023","Tue Jul 25 15:41:08 GMT 2023","2794","Surefire suite","Surefire test","tests.PeoplePageTest","tests.PeoplePageTest","testCreateUserGoingFromPeoplePage","testCreateUserGoingFromPeoplePage","Verify that new user was created going from 'People' page"
"unknown","Tue Jul 25 15:40:04 GMT 2023","Tue Jul 25 15:40:04 GMT 2023","0","Surefire suite","Surefire test","tests.ViewsTest","tests.ViewsTest","testMultipleSpacesRenameView","testMultipleSpacesRenameView",""
"unknown","Tue Jul 25 15:40:04 GMT 2023","Tue Jul 25 15:40:04 GMT 2023","0","Surefire suite","Surefire test","tests.ViewsTest","tests.ViewsTest","testMyViewAddFilterBuildQueue","testMyViewAddFilterBuildQueue",""
"passed","Tue Jul 25 15:41:33 GMT 2023","Tue Jul 25 15:41:37 GMT 2023","3688","Surefire suite","Surefire test","tests.PipelineTest","tests.PipelineTest","testAddDescriptionInExistPipeline","testAddDescriptionInExistPipeline","Verify the description for Pipeline project on the Pipeline page is displayed if add description to existing project"
"passed","Tue Jul 25 15:51:00 GMT 2023","Tue Jul 25 15:51:01 GMT 2023","536","Surefire suite","Surefire test","tests.NewItemTest","tests.NewItemTest","testCreateMultibranchPipelineEmptyName","testCreateMultibranchPipelineEmptyName","Check if multibranch pipeline with empty name can be created"
"passed","Tue Jul 25 15:52:15 GMT 2023","Tue Jul 25 15:52:15 GMT 2023","1","Surefire suite","Surefire test","runner.order.OrderForTestsTest","runner.order.OrderForTestsTest","orderMethodsForkDownDepTest","orderMethodsForkDownDepTest",""
"passed","Tue Jul 25 15:51:16 GMT 2023","Tue Jul 25 15:51:16 GMT 2023","545","Surefire suite","Surefire test","tests.NewItemTest","tests.NewItemTest","testCreateNewItemTypePipelineWithEmptyName","testCreateNewItemTypePipelineWithEmptyName","Check if pipeline job can be created without name"
"passed","Tue Jul 25 15:44:10 GMT 2023","Tue Jul 25 15:44:13 GMT 2023","2769","Surefire suite","Surefire test","tests.OrganizationFolderTest","tests.OrganizationFolderTest","testConfigureOrganizationFolderWithDescription","testConfigureOrganizationFolderWithDescription","The 'Description' can be added to the Organization Folder"
"passed","Tue Jul 25 15:41:16 GMT 2023","Tue Jul 25 15:41:17 GMT 2023","763","Surefire suite","Surefire test","tests.UserProfileTest","tests.UserProfileTest","testUserProfilePreviewDescription","testUserProfilePreviewDescription","Verify if description text is the same as expected after clicking 'Preview' link on the Status User Page"
"passed","Tue Jul 25 15:46:19 GMT 2023","Tue Jul 25 15:46:20 GMT 2023","1926","Surefire suite","Surefire test","tests.ManageJenkinsTest","tests.ManageJenkinsTest","testCreateUserWithIncorrectCharactersInName","testCreateUserWithIncorrectCharactersInName","Try to create user with invalid characters in name and verify that error message 'User name must only contain alphanumeric characters, underscore and dash' appeared"
"passed","Tue Jul 25 15:45:02 GMT 2023","Tue Jul 25 15:45:03 GMT 2023","687","Surefire suite","Surefire test","tests.BuildHistoryTest","tests.BuildHistoryTest","testSMLIconsExist","testSMLIconsExist","Verify that 'Small', 'Medium', 'Large' icons are displayed on the 'Build History' page"
"passed","Tue Jul 25 15:49:10 GMT 2023","Tue Jul 25 15:49:12 GMT 2023","1945","Surefire suite","Surefire test","tests.FolderTest","tests.FolderTest","testRenameFolderFromDropDownMenuRename","testRenameFolderFromDropDownMenuRename","Verify that the name of the folder can be changed using the option 'Rename' dropdown menu"
"unknown","Tue Jul 25 15:40:04 GMT 2023","Tue Jul 25 15:40:04 GMT 2023","0","Surefire suite","Surefire test","tests.FreestyleProjectTest","tests.FreestyleProjectTest","testBuildProjectWithDiscardOldBuildsMaxLimit","testBuildProjectWithDiscardOldBuildsMaxLimit","Check if the project 'Build History' section on the side menu saves and displays exactly the same amount of builds as configured by the 'Discard Old Builds' option in the Configuration page"
"passed","Tue Jul 25 15:46:13 GMT 2023","Tue Jul 25 15:46:15 GMT 2023","1846","Surefire suite","Surefire test","tests.ManageJenkinsTest","tests.ManageJenkinsTest","testCreateUserWithIncorrectCharactersInName","testCreateUserWithIncorrectCharactersInName","Try to create user with invalid characters in name and verify that error message 'User name must only contain alphanumeric characters, underscore and dash' appeared"
"passed","Tue Jul 25 15:48:28 GMT 2023","Tue Jul 25 15:48:31 GMT 2023","2872","Surefire suite","Surefire test","tests.FolderTest","tests.FolderTest","testCreateFreestyleProjectInFolderCreateJob","testCreateFreestyleProjectInFolderCreateJob","Verify ability to create 'Freestyle project' in folder using the option 'Create a job'"
"passed","Tue Jul 25 15:45:48 GMT 2023","Tue Jul 25 15:45:50 GMT 2023","1973","Surefire suite","Surefire test","tests.ManageJenkinsTest","tests.ManageJenkinsTest","testCreateUserWithIncorrectCharactersInName","testCreateUserWithIncorrectCharactersInName","Try to create user with invalid characters in name and verify that error message 'User name must only contain alphanumeric characters, underscore and dash' appeared"
"unknown","Tue Jul 25 15:40:04 GMT 2023","Tue Jul 25 15:40:04 GMT 2023","0","Surefire suite","Surefire test","tests.FreestyleProjectTest","tests.FreestyleProjectTest","testBuildProjectWithPostBuildActionPublishJUnitReport","testBuildProjectWithPostBuildActionPublishJUnitReport","Check if the 'Latest Test Result' link and test result history chart appear on the project Status Page when the 'Publish JUnit test result report' option of the 'Add post-build actions' is used"
"passed","Tue Jul 25 15:45:16 GMT 2023","Tue Jul 25 15:45:18 GMT 2023","1533","Surefire suite","Surefire test","tests.ManageJenkinsTest","tests.ManageJenkinsTest","testCheckIconSize","testCheckIconSize","The 'Jenkins Credentials Provider' icon is reduced in size when the 'S' button is pressed"
"passed","Tue Jul 25 15:47:49 GMT 2023","Tue Jul 25 15:47:51 GMT 2023","2870","Surefire suite","Surefire test","tests.MultibranchPipelineTest","tests.MultibranchPipelineTest","testMoveMenuOptionIsAvailableWhenFolderIsCreated","testMoveMenuOptionIsAvailableWhenFolderIsCreated","Verify that the 'Move' button is available in the side menu for Multibranch Pipeline if the folder is present"
"passed","Tue Jul 25 15:43:32 GMT 2023","Tue Jul 25 15:43:34 GMT 2023","2228","Surefire suite","Surefire test","tests.PipelineTest","tests.PipelineTest","testRenamePipelineWithoutChangingName","testRenamePipelineWithoutChangingName","Verify 'Error' page is displayed and 'The new name is the same as the current name.' error message is displayed if Rename pipeline without changing name"
"unknown","Tue Jul 25 15:40:04 GMT 2023","Tue Jul 25 15:40:04 GMT 2023","0","Surefire suite","Surefire test","tests.FreestyleProjectTest","tests.FreestyleProjectTest","testBuildProjectWithBuildOtherProjectOption","testBuildProjectWithBuildOtherProjectOption","Verify if the Downstream project is built automatically directly upon the Upstream project is built.Stream is set using 'Build other project' option is in 'Post-Build Actions' section of the Configuration Page"
"passed","Tue Jul 25 15:45:28 GMT 2023","Tue Jul 25 15:45:29 GMT 2023","521","Surefire suite","Surefire test","tests.ManageJenkinsTest","tests.ManageJenkinsTest","testDeleteNodeByDropDownOnDashboard","testDeleteNodeByDropDownOnDashboard","Delete Node By DropDown On Dashboard"
"unknown","Tue Jul 25 15:40:03 GMT 2023","Tue Jul 25 15:40:03 GMT 2023","0","Surefire suite","Surefire test","tests.ViewsTest","tests.ViewsTest","testIllegalCharacterRenameView","testIllegalCharacterRenameView","Verify that Error message appears when is trying to rename a List view with the name that contains invalid special characters"
"passed","Tue Jul 25 15:49:49 GMT 2023","Tue Jul 25 15:49:49 GMT 2023","360","Surefire suite","Surefire test","tests.MultiConfigurationProjectTest","tests.MultiConfigurationProjectTest","testMultiConfigurationProjectEnableCheckIconProjectName","testMultiConfigurationProjectEnableCheckIconProjectName","Verify that when you turn on the project, the project icon changes its status to 'enable' on the project configuration page"
"passed","Tue Jul 25 15:50:53 GMT 2023","Tue Jul 25 15:50:55 GMT 2023","2040","Surefire suite","Surefire test","tests.NewItemTest","tests.NewItemTest","testCreateNewMCProjectAsCopyFromExistingProject","testCreateNewMCProjectAsCopyFromExistingProject","Check if multi-configuration project can be created as a copy of existing project with description"
"passed","Tue Jul 25 15:42:48 GMT 2023","Tue Jul 25 15:42:51 GMT 2023","2545","Surefire suite","Surefire test","tests.PipelineTest","tests.PipelineTest","testRenamePipelineUsingSpecialCharacter","testRenamePipelineUsingSpecialCharacter","Verify 'Error' page is displayed and '‘<spChar>’ is an unsafe character' error message is displayed if rename pipeline using special character"
"passed","Tue Jul 25 15:49:19 GMT 2023","Tue Jul 25 15:49:21 GMT 2023","2260","Surefire suite","Surefire test","tests.MultiConfigurationProjectTest","tests.MultiConfigurationProjectTest","testMultiConfigurationProjectAddDescription","testMultiConfigurationProjectAddDescription","Verify that the multi-configuration project can be description can be added"
"unknown","Tue Jul 25 15:40:04 GMT 2023","Tue Jul 25 15:40:04 GMT 2023","0","Surefire suite","Surefire test","tests.ViewsTest","tests.ViewsTest","testDeleteStatusColumn","testDeleteStatusColumn",""
"passed","Tue Jul 25 15:41:38 GMT 2023","Tue Jul 25 15:41:41 GMT 2023","3238","Surefire suite","Surefire test","tests.PipelineTest","tests.PipelineTest","testAddingGitRepository","testAddingGitRepository","Check the GitHub creation button on the side menu"
"passed","Tue Jul 25 15:52:14 GMT 2023","Tue Jul 25 15:52:15 GMT 2023","952","Surefire suite","Surefire test","tests.NewItemTest","tests.NewItemTest","testOrgFolderEmptyNameError","testOrgFolderEmptyNameError","Verify that organization folder can be created with empty name"
"passed","Tue Jul 25 15:47:31 GMT 2023","Tue Jul 25 15:47:33 GMT 2023","2389","Surefire suite","Surefire test","tests.MultibranchPipelineTest","tests.MultibranchPipelineTest","testAddDescription","testAddDescription","The 'Description' can be added to the Multibranch Pipeline after clicking the 'Configure the project' link"
"unknown","Tue Jul 25 15:40:04 GMT 2023","Tue Jul 25 15:40:04 GMT 2023","0","Surefire suite","Surefire test","tests.ViewsTest","tests.ViewsTest","testLettersSMLClickableMyViews","testLettersSMLClickableMyViews",""
"passed","Tue Jul 25 15:42:59 GMT 2023","Tue Jul 25 15:43:01 GMT 2023","2841","Surefire suite","Surefire test","tests.PipelineTest","tests.PipelineTest","testRenamePipelineUsingSpecialCharacter","testRenamePipelineUsingSpecialCharacter","Verify 'Error' page is displayed and '‘<spChar>’ is an unsafe character' error message is displayed if rename pipeline using special character"
"passed","Tue Jul 25 15:44:43 GMT 2023","Tue Jul 25 15:44:44 GMT 2023","780","Surefire suite","Surefire test","tests.HeaderComponentTest","tests.HeaderComponentTest","testManageJenkinsClickNameIconToReturnToTheMainPage","testManageJenkinsClickNameIconToReturnToTheMainPage","Verify that click on Jenkins icon leads to the Main page when click on Manage Jenkins page"
"passed","Tue Jul 25 15:43:26 GMT 2023","Tue Jul 25 15:43:28 GMT 2023","2382","Surefire suite","Surefire test","tests.PipelineTest","tests.PipelineTest","testRenamePipelineUsingSpecialCharacter","testRenamePipelineUsingSpecialCharacter","Verify 'Error' page is displayed and '‘<spChar>’ is an unsafe character' error message is displayed if rename pipeline using special character"
"passed","Tue Jul 25 15:43:35 GMT 2023","Tue Jul 25 15:43:39 GMT 2023","4165","Surefire suite","Surefire test","tests.PipelineTest","tests.PipelineTest","testRenamedPipelineIsDisplayedInMyViews","testRenamedPipelineIsDisplayedInMyViews","Verify if renamed pipeline is displayed in 'My Views'"
"passed","Tue Jul 25 15:48:42 GMT 2023","Tue Jul 25 15:48:44 GMT 2023","2403","Surefire suite","Surefire test","tests.FolderTest","tests.FolderTest","testCreateMultibranchPipelineProjectInFolder","testCreateMultibranchPipelineProjectInFolder","Confirm that the 'Multibranch Pipeline' project was successfully created within the folder"
"passed","Tue Jul 25 15:45:44 GMT 2023","Tue Jul 25 15:45:47 GMT 2023","3427","Surefire suite","Surefire test","tests.ManageJenkinsTest","tests.ManageJenkinsTest","testCreateUserWithExistName","testCreateUserWithExistName","Try to create user with exist name and verify that error message 'User name is already taken' appeared"
"unknown","Tue Jul 25 15:40:04 GMT 2023","Tue Jul 25 15:40:04 GMT 2023","0","Surefire suite","Surefire test","tests.ViewsTest","tests.ViewsTest","testEditListViewPageContainsTitleJobFilters","testEditListViewPageContainsTitleJobFilters","Verify if the 'List view' edit page contains the section 'Job Filters'"
"passed","Tue Jul 25 15:49:16 GMT 2023","Tue Jul 25 15:49:18 GMT 2023","2427","Surefire suite","Surefire test","tests.MultiConfigurationProjectTest","tests.MultiConfigurationProjectTest","testFindMultiConfigurationProject","testFindMultiConfigurationProject","Verify that the so that can find a previously created multi-configuration project"
"unknown","Tue Jul 25 15:40:03 GMT 2023","Tue Jul 25 15:40:03 GMT 2023","0","Surefire suite","Surefire test","tests.FreestyleProjectTest","tests.FreestyleProjectTest","testNoBuildFreestyleProjectChanges","testNoBuildFreestyleProjectChanges","Verify if Changes Builds Page contains expected text"
"passed","Tue Jul 25 15:45:03 GMT 2023","Tue Jul 25 15:45:15 GMT 2023","12024","Surefire suite","Surefire test","tests.ManageJenkinsTest","tests.ManageJenkinsTest","testChangeDefaultView","testChangeDefaultView","Change default view on 'Jenkins Configure System' page and verify that Default view is changed on the dashboard"
"passed","Tue Jul 25 15:51:45 GMT 2023","Tue Jul 25 15:51:53 GMT 2023","7951","Surefire suite","Surefire test","tests.NewItemTest","tests.NewItemTest","testCreateOneItemFromListOfJobTypes","testCreateOneItemFromListOfJobTypes","Verify that all six different job types can be created"
"passed","Tue Jul 25 15:42:35 GMT 2023","Tue Jul 25 15:42:37 GMT 2023","2475","Surefire suite","Surefire test","tests.PipelineTest","tests.PipelineTest","testRenamePipelineUsingSpecialCharacter","testRenamePipelineUsingSpecialCharacter","Verify 'Error' page is displayed and '‘<spChar>’ is an unsafe character' error message is displayed if rename pipeline using special character"
"passed","Tue Jul 25 15:51:20 GMT 2023","Tue Jul 25 15:51:20 GMT 2023","553","Surefire suite","Surefire test","tests.NewItemTest","tests.NewItemTest","testCreateNewItemWithSpecialCharacterName","testCreateNewItemWithSpecialCharacterName","Verify that creating NewItem with special characters is not possible"
"passed","Tue Jul 25 15:49:42 GMT 2023","Tue Jul 25 15:49:43 GMT 2023","996","Surefire suite","Surefire test","tests.MultiConfigurationProjectTest","tests.MultiConfigurationProjectTest","testMultiConfigurationProjectEnable","testMultiConfigurationProjectEnable","Verify that the multi-configuration project can be enabled to project configuration page"
"unknown","Tue Jul 25 15:40:03 GMT 2023","Tue Jul 25 15:40:03 GMT 2023","0","Surefire suite","Surefire test","tests.FreestyleProjectTest","tests.FreestyleProjectTest","testBuildStepsOptions","testBuildStepsOptions","Verify if all expected options are displayed in the 'Add build steps' dropdown of the 'Build Steps' section"
"unknown","Tue Jul 25 15:40:04 GMT 2023","Tue Jul 25 15:40:04 GMT 2023","0","Surefire suite","Surefire test","tests.ViewsTest","tests.ViewsTest","testViewHasListOfItems","testViewHasListOfItems",""
"unknown","Tue Jul 25 15:40:03 GMT 2023","Tue Jul 25 15:40:03 GMT 2023","0","Surefire suite","Surefire test","tests.FreestyleProjectTest","tests.FreestyleProjectTest","testDownstreamProjectNameLeadsToCorrectUpstreamProjectStatusPage","testDownstreamProjectNameLeadsToCorrectUpstreamProjectStatusPage","Check if the Downstream project name link on the Status page leads to the correct Upstream project Status Page"
"passed","Tue Jul 25 15:43:53 GMT 2023","Tue Jul 25 15:43:57 GMT 2023","3495","Surefire suite","Surefire test","tests.OrganizationFolderTest","tests.OrganizationFolderTest","testChangeStatusToDisableOrgFolder","testChangeStatusToDisableOrgFolder","Verify that the 'Organization Folder' can be disable"
"unknown","Tue Jul 25 15:40:04 GMT 2023","Tue Jul 25 15:40:04 GMT 2023","0","Surefire suite","Surefire test","tests.FreestyleProjectTest","tests.FreestyleProjectTest","testBuildGitProjectWithBuildStepsMavenClean","testBuildGitProjectWithBuildStepsMavenClean","Verify if 'target' folder disappears from the 'Workspace' page when Build Steps goal: 'clean' is set. Thus confirming that 'clean' command is succeed. Project sourced from GitHub using Maven."
"passed","Tue Jul 25 15:48:05 GMT 2023","Tue Jul 25 15:48:06 GMT 2023","1715","Surefire suite","Surefire test","tests.FolderTest","tests.FolderTest","testAddFolderDescription","testAddFolderDescription","Ensure the ability to add a description to an existing folder through the field 'Description'"
"unknown","Tue Jul 25 15:40:04 GMT 2023","Tue Jul 25 15:40:04 GMT 2023","0","Surefire suite","Surefire test","tests.FreestyleProjectTest","tests.FreestyleProjectTest","testCreateBuildNowOnFreestyleProjectPage","testCreateBuildNowOnFreestyleProjectPage","Verify if the build displayed in the 'Build History' section on the side menu by comparing number of builds before and after current build"
"passed","Tue Jul 25 15:51:30 GMT 2023","Tue Jul 25 15:51:31 GMT 2023","539","Surefire suite","Surefire test","tests.NewItemTest","tests.NewItemTest","testCreateNewItemWithSpecialCharacterName","testCreateNewItemWithSpecialCharacterName","Verify that creating NewItem with special characters is not possible"
"unknown","Tue Jul 25 15:40:04 GMT 2023","Tue Jul 25 15:40:04 GMT 2023","0","Surefire suite","Surefire test","tests.FreestyleProjectTest","tests.FreestyleProjectTest","testAddDescription","testAddDescription","Verify if expected description of the project has been added"
"unknown","Tue Jul 25 15:40:03 GMT 2023","Tue Jul 25 15:40:03 GMT 2023","0","Surefire suite","Surefire test","tests.ViewsTest","tests.ViewsTest","testRenameView","testRenameView","Verify that created List Views was renamed"
"passed","Tue Jul 25 15:52:10 GMT 2023","Tue Jul 25 15:52:12 GMT 2023","1429","Surefire suite","Surefire test","tests.NewItemTest","tests.NewItemTest","testCreatedPipelineDisplayedOnMyViews","testCreatedPipelineDisplayedOnMyViews","Check if pipeline job is displayed on MyViewsPage"
"passed","Tue Jul 25 15:48:15 GMT 2023","Tue Jul 25 15:48:18 GMT 2023","2266","Surefire suite","Surefire test","tests.FolderTest","tests.FolderTest","testCreateFolderInFolderFromCreateJob","testCreateFolderInFolderFromCreateJob","Verify the ability to create folder in the folder using the option 'Create a job'"
"passed","Tue Jul 25 15:42:55 GMT 2023","Tue Jul 25 15:42:58 GMT 2023","2597","Surefire suite","Surefire test","tests.PipelineTest","tests.PipelineTest","testRenamePipelineUsingSpecialCharacter","testRenamePipelineUsingSpecialCharacter","Verify 'Error' page is displayed and '‘<spChar>’ is an unsafe character' error message is displayed if rename pipeline using special character"
"passed","Tue Jul 25 15:52:15 GMT 2023","Tue Jul 25 15:52:15 GMT 2023","1","Surefire suite","Surefire test","runner.order.OrderForTestsTest","runner.order.OrderForTestsTest","orderMethodsTest","orderMethodsTest",""
"unknown","Tue Jul 25 15:40:03 GMT 2023","Tue Jul 25 15:40:03 GMT 2023","0","Surefire suite","Surefire test","tests.ViewsTest","tests.ViewsTest","testEditViewAddDescription","testEditViewAddDescription",""
"unknown","Tue Jul 25 15:40:03 GMT 2023","Tue Jul 25 15:40:03 GMT 2023","1","Surefire suite","Surefire test","tests.ViewsTest","tests.ViewsTest","testEditViewDeleteDescription","testEditViewDeleteDescription",""
"passed","Tue Jul 25 15:48:35 GMT 2023","Tue Jul 25 15:48:37 GMT 2023","1834","Surefire suite","Surefire test","tests.FolderTest","tests.FolderTest","testDeleteFreestyleProjectInFolder","testDeleteFreestyleProjectInFolder","Verify the ability to delete 'Freestyle Project' from the folder"
"passed","Tue Jul 25 15:40:43 GMT 2023","Tue Jul 25 15:40:49 GMT 2023","6469","Surefire suite","Surefire test","tests.CopyItemTest","tests.CopyItemTest","testCopyFromNotExistItemName","testCopyFromNotExistItemName","Verify if attempting to create a new item from a non-existent item results in an error"
"passed","Tue Jul 25 15:42:16 GMT 2023","Tue Jul 25 15:42:18 GMT 2023","2130","Surefire suite","Surefire test","tests.PipelineTest","tests.PipelineTest","testPipelineAddDescription","testPipelineAddDescription","Verify the description for Pipeline project on the Pipeline page is displayed if add description"
"unknown","Tue Jul 25 15:40:04 GMT 2023","Tue Jul 25 15:40:04 GMT 2023","0","Surefire suite","Surefire test","tests.FreestyleProjectTest","tests.FreestyleProjectTest","testConfigureJobAsParameterized","testConfigureJobAsParameterized","Verify that expected parameters are saved and displayed after build is completed "
"unknown","Tue Jul 25 15:40:04 GMT 2023","Tue Jul 25 15:40:04 GMT 2023","0","Surefire suite","Surefire test","tests.FreestyleProjectTest","tests.FreestyleProjectTest","testDisableProject","testDisableProject","Verify if Project status contains expected text when 'Disable Project' option has been applied"
"passed","Tue Jul 25 15:43:29 GMT 2023","Tue Jul 25 15:43:31 GMT 2023","2129","Surefire suite","Surefire test","tests.PipelineTest","tests.PipelineTest","testRenamePipelineWithValidName","testRenamePipelineWithValidName","Check if pipeline project can be renamed"
"passed","Tue Jul 25 15:44:05 GMT 2023","Tue Jul 25 15:44:09 GMT 2023","4238","Surefire suite","Surefire test","tests.OrganizationFolderTest","tests.OrganizationFolderTest","testCheckChildHealthMetrics","testCheckChildHealthMetrics","The child health metrics can be added to Organization folder"
"passed","Tue Jul 25 15:45:38 GMT 2023","Tue Jul 25 15:45:40 GMT 2023","1863","Surefire suite","Surefire test","tests.ManageJenkinsTest","tests.ManageJenkinsTest","testCreateUserWithEmptyName","testCreateUserWithEmptyName","Try to create user with empty name and verify that error message '"""" is prohibited as a username for security reasons.' appeared"
"passed","Tue Jul 25 15:48:54 GMT 2023","Tue Jul 25 15:48:57 GMT 2023","3458","Surefire suite","Surefire test","tests.FolderTest","tests.FolderTest","testMoveFolderInFolder","testMoveFolderInFolder","Verify that the folder can be moved into another folder"
"passed","Tue Jul 25 15:44:38 GMT 2023","Tue Jul 25 15:44:38 GMT 2023","350","Surefire suite","Surefire test","tests.HeaderComponentTest","tests.HeaderComponentTest","testCountAndNamesItemsInUserDropdownMenu","testCountAndNamesItemsInUserDropdownMenu","Verify a quantity and titles of User dropdown menu lines"
"unknown","Tue Jul 25 15:40:04 GMT 2023","Tue Jul 25 15:40:04 GMT 2023","0","Surefire suite","Surefire test","tests.ViewsTest","tests.ViewsTest","testAddDescription","testAddDescription","Verify if description of 'My views' page is saved"
"unknown","Tue Jul 25 15:40:04 GMT 2023","Tue Jul 25 15:40:04 GMT 2023","0","Surefire suite","Surefire test","tests.ViewsTest","tests.ViewsTest","testCreateViewWithExistingName","testCreateViewWithExistingName","Verify that created View contains existing name"
"passed","Tue Jul 25 15:47:46 GMT 2023","Tue Jul 25 15:47:48 GMT 2023","1421","Surefire suite","Surefire test","tests.MultibranchPipelineTest","tests.MultibranchPipelineTest","testEnableMultiBranchPipeline","testEnableMultiBranchPipeline","Verify that the 'Multibranch Pipeline' can be enable"
"passed","Tue Jul 25 15:51:43 GMT 2023","Tue Jul 25 15:51:44 GMT 2023","1772","Surefire suite","Surefire test","tests.NewItemTest","tests.NewItemTest","testCreateNewPipelineFromExisting","testCreateNewPipelineFromExisting","Check if pipeline project can be created as a copy of existing pipeline project"
"passed","Tue Jul 25 15:45:59 GMT 2023","Tue Jul 25 15:46:01 GMT 2023","1882","Surefire suite","Surefire test","tests.ManageJenkinsTest","tests.ManageJenkinsTest","testCreateUserWithIncorrectCharactersInName","testCreateUserWithIncorrectCharactersInName","Try to create user with invalid characters in name and verify that error message 'User name must only contain alphanumeric characters, underscore and dash' appeared"
"passed","Tue Jul 25 15:41:28 GMT 2023","Tue Jul 25 15:41:29 GMT 2023","1275","Surefire suite","Surefire test","tests.FooterComponentTest","tests.FooterComponentTest","testFooterLinkJenkinsRedirectToPage","testFooterLinkJenkinsRedirectToPage","Verification that the link redirect to the 'https://www.jenkins.io/'"
"passed","Tue Jul 25 15:42:14 GMT 2023","Tue Jul 25 15:42:15 GMT 2023","566","Surefire suite","Surefire test","tests.PipelineTest","tests.PipelineTest","testEnablePipelineProject","testEnablePipelineProject","Check if pipeline project can be enabled after disabling"
"passed","Tue Jul 25 15:41:14 GMT 2023","Tue Jul 25 15:41:15 GMT 2023","851","Surefire suite","Surefire test","tests.UserProfileTest","tests.UserProfileTest","testUserProfileHidePreviewDescription","testUserProfileHidePreviewDescription","Verify if 'Hide preview' link disappears after clicking 'Hide preview' link "
"passed","Tue Jul 25 15:51:58 GMT 2023","Tue Jul 25 15:52:00 GMT 2023","2072","Surefire suite","Surefire test","tests.NewItemTest","tests.NewItemTest","testCreateOrgFolderWithExistingName","testCreateOrgFolderWithExistingName","Verify that organization folder can be created with name, that is a name of other existing project"
"unknown","Tue Jul 25 15:40:04 GMT 2023","Tue Jul 25 15:40:04 GMT 2023","0","Surefire suite","Surefire test","tests.ViewsTest","tests.ViewsTest","testListViewCheckEveryAddColumnItem","testListViewCheckEveryAddColumnItem",""
"passed","Tue Jul 25 15:45:41 GMT 2023","Tue Jul 25 15:45:43 GMT 2023","1932","Surefire suite","Surefire test","tests.ManageJenkinsTest","tests.ManageJenkinsTest","testCreateUserWithEmptyPassword","testCreateUserWithEmptyPassword","Try to create user with empty 'Password' field and verify that error message 'Password is required' appeared"
"passed","Tue Jul 25 15:46:16 GMT 2023","Tue Jul 25 15:46:18 GMT 2023","1898","Surefire suite","Surefire test","tests.ManageJenkinsTest","tests.ManageJenkinsTest","testCreateUserWithIncorrectCharactersInName","testCreateUserWithIncorrectCharactersInName","Try to create user with invalid characters in name and verify that error message 'User name must only contain alphanumeric characters, underscore and dash' appeared"
"passed","Tue Jul 25 15:41:30 GMT 2023","Tue Jul 25 15:41:31 GMT 2023","510","Surefire suite","Surefire test","tests.FooterComponentTest","tests.FooterComponentTest","testFooterLinkRestRedirectToPage","testFooterLinkRestRedirectToPage","Verification that the link redirect to the '/api/' page"
"unknown","Tue Jul 25 15:40:03 GMT 2023","Tue Jul 25 15:40:03 GMT 2023","0","Surefire suite","Surefire test","tests.ViewsTest","tests.ViewsTest","testEditGlobalViewPageViewNameLabelContainsDescription","testEditGlobalViewPageViewNameLabelContainsDescription","Verify if the 'View name' section text of the 'Global View' view is equals to the expected text"
"unknown","Tue Jul 25 15:40:03 GMT 2023","Tue Jul 25 15:40:03 GMT 2023","0","Surefire suite","Surefire test","tests.ViewsTest","tests.ViewsTest","testDeleteListView","testDeleteListView",""
"passed","Tue Jul 25 15:45:57 GMT 2023","Tue Jul 25 15:45:58 GMT 2023","1634","Surefire suite","Surefire test","tests.ManageJenkinsTest","tests.ManageJenkinsTest","testCreateUserWithIncorrectCharactersInName","testCreateUserWithIncorrectCharactersInName","Try to create user with invalid characters in name and verify that error message 'User name must only contain alphanumeric characters, underscore and dash' appeared"
"passed","Tue Jul 25 15:51:13 GMT 2023","Tue Jul 25 15:51:15 GMT 2023","1750","Surefire suite","Surefire test","tests.NewItemTest","tests.NewItemTest","testCreateNewItemFromOtherNonExistingName","testCreateNewItemFromOtherNonExistingName","Check if pipeline can be created from another project using not existing name"
"passed","Tue Jul 25 15:51:40 GMT 2023","Tue Jul 25 15:51:40 GMT 2023","518","Surefire suite","Surefire test","tests.NewItemTest","tests.NewItemTest","testCreateNewItemWithSpecialCharacterName","testCreateNewItemWithSpecialCharacterName","Verify that creating NewItem with special characters is not possible"
"passed","Tue Jul 25 15:49:50 GMT 2023","Tue Jul 25 15:49:53 GMT 2023","2533","Surefire suite","Surefire test","tests.MultiConfigurationProjectTest","tests.MultiConfigurationProjectTest","testMultiConfigurationProjectEnableCheckIconDashboardPage","testMultiConfigurationProjectEnableCheckIconDashboardPage","Check if disabled multi-configuration project can be enabled"
"passed","Tue Jul 25 15:50:03 GMT 2023","Tue Jul 25 15:50:13 GMT 2023","10343","Surefire suite","Surefire test","tests.MultiConfigurationProjectTest","tests.MultiConfigurationProjectTest","testMultiConfigurationProjectWithBuildStepCheckBuildSuccess","testMultiConfigurationProjectWithBuildStepCheckBuildSuccess","Verify that the assembly step verifies the success of the assembly"
"unknown","Tue Jul 25 15:40:04 GMT 2023","Tue Jul 25 15:40:04 GMT 2023","0","Surefire suite","Surefire test","tests.FreestyleProjectTest","tests.FreestyleProjectTest","testEnableProject","testEnableProject","Verify if the Project status icon displayed an expected status when 'Disable Project' option has been applied"
"passed","Tue Jul 25 15:49:22 GMT 2023","Tue Jul 25 15:49:34 GMT 2023","12163","Surefire suite","Surefire test","tests.MultiConfigurationProjectTest","tests.MultiConfigurationProjectTest","testMultiConfigurationProjectBuild","testMultiConfigurationProjectBuild","Verify that the 'MultiConfigurationProject' I can make to build multi-configuration projects, so that I can build them manually"
"passed","Tue Jul 25 15:41:13 GMT 2023","Tue Jul 25 15:41:13 GMT 2023","882","Surefire suite","Surefire test","tests.UserProfileTest","tests.UserProfileTest","testUserProfileEditDescription","testUserProfileEditDescription","Verify if description text has been changed on the Status User Page"
"passed","Tue Jul 25 15:45:54 GMT 2023","Tue Jul 25 15:45:56 GMT 2023","1853","Surefire suite","Surefire test","tests.ManageJenkinsTest","tests.ManageJenkinsTest","testCreateUserWithIncorrectCharactersInName","testCreateUserWithIncorrectCharactersInName","Try to create user with invalid characters in name and verify that error message 'User name must only contain alphanumeric characters, underscore and dash' appeared"
"unknown","Tue Jul 25 15:40:04 GMT 2023","Tue Jul 25 15:40:04 GMT 2023","0","Surefire suite","Surefire test","tests.ViewsTest","tests.ViewsTest","testUnsavedChangesJavascriptAlert","testUnsavedChangesJavascriptAlert",""
"passed","Tue Jul 25 15:48:37 GMT 2023","Tue Jul 25 15:48:41 GMT 2023","3193","Surefire suite","Surefire test","tests.FolderTest","tests.FolderTest","testCreateMultiConfigurationProjectInFolder","testCreateMultiConfigurationProjectInFolder","Verify the ability to create a 'Multi-configuration project' in existed folder"
"passed","Tue Jul 25 15:51:56 GMT 2023","Tue Jul 25 15:51:57 GMT 2023","1131","Surefire suite","Surefire test","tests.NewItemTest","tests.NewItemTest","testCreateOrgFolderWithEmptyName","testCreateOrgFolderWithEmptyName","Check if organization folder can be created with empty name"
"passed","Tue Jul 25 15:45:19 GMT 2023","Tue Jul 25 15:45:22 GMT 2023","2854","Surefire suite","Surefire test","tests.ManageJenkinsTest","tests.ManageJenkinsTest","testCreateNewNodeWithExistedNameFromDashboard","testCreateNewNodeWithExistedNameFromDashboard","Create New Node With Existed Name by clicking on 'Build Executor Status' on Dashboard"
"passed","Tue Jul 25 15:52:05 GMT 2023","Tue Jul 25 15:52:07 GMT 2023","1649","Surefire suite","Surefire test","tests.NewItemTest","tests.NewItemTest","testCreatePipelineAssertOnDashboard","testCreatePipelineAssertOnDashboard","Check if pipeline project can be created and assert it on Dashboard"
"passed","Tue Jul 25 15:44:46 GMT 2023","Tue Jul 25 15:44:46 GMT 2023","595","Surefire suite","Surefire test","tests.HeaderComponentTest","tests.HeaderComponentTest","testUserDropdownMenuToOpenBuildsUserPage","testUserDropdownMenuToOpenBuildsUserPage","Verify if 'Builds' link in the User dropdown menu leads to the expected page named as 'Builds for admin'"
"passed","Tue Jul 25 15:42:18 GMT 2023","Tue Jul 25 15:42:19 GMT 2023","743","Surefire suite","Surefire test","tests.PipelineTest","tests.PipelineTest","testEditPipelineDescription","testEditPipelineDescription","Verify the description for Pipeline project on the Pipeline page is displayed if edit description"
"passed","Tue Jul 25 15:43:09 GMT 2023","Tue Jul 25 15:43:11 GMT 2023","2417","Surefire suite","Surefire test","tests.PipelineTest","tests.PipelineTest","testRenamePipelineUsingSpecialCharacter","testRenamePipelineUsingSpecialCharacter","Verify 'Error' page is displayed and '‘<spChar>’ is an unsafe character' error message is displayed if rename pipeline using special character"
"passed","Tue Jul 25 15:47:55 GMT 2023","Tue Jul 25 15:47:58 GMT 2023","3499","Surefire suite","Surefire test","tests.MultibranchPipelineTest","tests.MultibranchPipelineTest","testMoveMultiBranchPipeline","testMoveMultiBranchPipeline","Verify that the 'Multibranch Pipeline' can be moved to another folder"
"passed","Tue Jul 25 15:46:22 GMT 2023","Tue Jul 25 15:46:23 GMT 2023","1621","Surefire suite","Surefire test","tests.ManageJenkinsTest","tests.ManageJenkinsTest","testCreateUserWithIncorrectCharactersInName","testCreateUserWithIncorrectCharactersInName","Try to create user with invalid characters in name and verify that error message 'User name must only contain alphanumeric characters, underscore and dash' appeared"
"unknown","Tue Jul 25 15:40:04 GMT 2023","Tue Jul 25 15:40:04 GMT 2023","0","Surefire suite","Surefire test","tests.ViewsTest","tests.ViewsTest","testDeleteView","testDeleteView",""
"passed","Tue Jul 25 15:49:03 GMT 2023","Tue Jul 25 15:49:06 GMT 2023","3338","Surefire suite","Surefire test","tests.FolderTest","tests.FolderTest","testMoveFreestyleProjectInFolderUsingDropDownMenu","testMoveFreestyleProjectInFolderUsingDropDownMenu","Verify the ability to create a 'Freestyle Project' in the folder"
"passed","Tue Jul 25 15:51:36 GMT 2023","Tue Jul 25 15:51:36 GMT 2023","516","Surefire suite","Surefire test","tests.NewItemTest","tests.NewItemTest","testCreateNewItemWithSpecialCharacterName","testCreateNewItemWithSpecialCharacterName","Verify that creating NewItem with special characters is not possible"
"passed","Tue Jul 25 15:51:17 GMT 2023","Tue Jul 25 15:51:17 GMT 2023","546","Surefire suite","Surefire test","tests.NewItemTest","tests.NewItemTest","testCreateNewItemWithSpecialCharacterName","testCreateNewItemWithSpecialCharacterName","Verify that creating NewItem with special characters is not possible"
"passed","Tue Jul 25 15:51:41 GMT 2023","Tue Jul 25 15:51:43 GMT 2023","1556","Surefire suite","Surefire test","tests.NewItemTest","tests.NewItemTest","testCreateNewPipelineWithDescription","testCreateNewPipelineWithDescription","Verify if pipeline project with description can be created"
"passed","Tue Jul 25 15:44:53 GMT 2023","Tue Jul 25 15:44:55 GMT 2023","2262","Surefire suite","Surefire test","tests.BuildHistoryTest","tests.BuildHistoryTest","testH1HeaderBuildHistory","testH1HeaderBuildHistory","Verify the header of the 'Build  History' page"
"passed","Tue Jul 25 15:50:46 GMT 2023","Tue Jul 25 15:50:47 GMT 2023","1122","Surefire suite","Surefire test","tests.NewItemTest","tests.NewItemTest","testCreateFolder","testCreateFolder","Check if a new folder can be created"
"passed","Tue Jul 25 15:46:38 GMT 2023","Tue Jul 25 15:46:41 GMT 2023","3464","Surefire suite","Surefire test","tests.ManageJenkinsTest","tests.ManageJenkinsTest","testDeleteUser","testDeleteUser","Delete user by 'delete user' icon in the table on the 'Manage users' page and verify that deleted user is not displayed on the 'Manage users' page"
"passed","Tue Jul 25 15:49:34 GMT 2023","Tue Jul 25 15:49:35 GMT 2023","1170","Surefire suite","Surefire test","tests.MultiConfigurationProjectTest","tests.MultiConfigurationProjectTest","testMultiConfigurationProjectsRunJobInBuildHistory","testMultiConfigurationProjectsRunJobInBuildHistory",""
"passed","Tue Jul 25 15:41:09 GMT 2023","Tue Jul 25 15:41:10 GMT 2023","512","Surefire suite","Surefire test","tests.PeoplePageTest","tests.PeoplePageTest","testViewPeoplePage","testViewPeoplePage","Verify the header of the 'People' page"
"passed","Tue Jul 25 15:49:46 GMT 2023","Tue Jul 25 15:49:46 GMT 2023","612","Surefire suite","Surefire test","tests.MultiConfigurationProjectTest","tests.MultiConfigurationProjectTest","testEnableMultiConfigurationProject","testEnableMultiConfigurationProject","Verify that multi-configuration project can be enabled on dashboard"
"unknown","Tue Jul 25 15:40:04 GMT 2023","Tue Jul 25 15:40:04 GMT 2023","0","Surefire suite","Surefire test","tests.ViewsTest","tests.ViewsTest","testCreateListViewAndAddSixItems","testCreateListViewAndAddSixItems","Verify that Multibranch Pipeline contains expected Views : Global View, List View, My View"
"unknown","Tue Jul 25 15:40:04 GMT 2023","Tue Jul 25 15:40:04 GMT 2023","0","Surefire suite","Surefire test","tests.ViewsTest","tests.ViewsTest","testListViewSideMenu","testListViewSideMenu","Verify if side menu options of the 'List View' view is equal to a default list"
"passed","Tue Jul 25 15:51:37 GMT 2023","Tue Jul 25 15:51:37 GMT 2023","518","Surefire suite","Surefire test","tests.NewItemTest","tests.NewItemTest","testCreateNewItemWithSpecialCharacterName","testCreateNewItemWithSpecialCharacterName","Verify that creating NewItem with special characters is not possible"
"unknown","Tue Jul 25 15:40:03 GMT 2023","Tue Jul 25 15:40:03 GMT 2023","0","Surefire suite","Surefire test","tests.ViewsTest","tests.ViewsTest","testDeselectJobsFromListView","testDeselectJobsFromListView","Verify that added jobs to list view was removed and notification message was appeared"
"passed","Tue Jul 25 15:44:40 GMT 2023","Tue Jul 25 15:44:40 GMT 2023","45","Surefire suite","Surefire test","tests.HeaderComponentTest","tests.HeaderComponentTest","testLogoHeadIconIsSeen","testLogoHeadIconIsSeen","Verify that Jenkins icon is displayed and enabled in the Header"
"passed","Tue Jul 25 15:45:22 GMT 2023","Tue Jul 25 15:45:25 GMT 2023","2346","Surefire suite","Surefire test","tests.ManageJenkinsTest","tests.ManageJenkinsTest","testCreateNewNodeWithValidNameByOptionSetUpAnAgent","testCreateNewNodeWithValidNameByOptionSetUpAnAgent","Create New Node with valid name by option 'Set up an agent' on Dashboard"
"passed","Tue Jul 25 15:44:39 GMT 2023","Tue Jul 25 15:44:39 GMT 2023","254","Surefire suite","Surefire test","tests.HeaderComponentTest","tests.HeaderComponentTest","testIsJenkinsNameIconExist","testIsJenkinsNameIconExist","Verify if Jenkins Icon is displayed in the Header"
"passed","Tue Jul 25 15:43:16 GMT 2023","Tue Jul 25 15:43:18 GMT 2023","2404","Surefire suite","Surefire test","tests.PipelineTest","tests.PipelineTest","testRenamePipelineUsingSpecialCharacter","testRenamePipelineUsingSpecialCharacter","Verify 'Error' page is displayed and '‘<spChar>’ is an unsafe character' error message is displayed if rename pipeline using special character"
"unknown","Tue Jul 25 15:40:04 GMT 2023","Tue Jul 25 15:40:04 GMT 2023","0","Surefire suite","Surefire test","tests.FreestyleProjectTest","tests.FreestyleProjectTest","testFreestyleProjectConfigureByDropdown","testFreestyleProjectConfigureByDropdown","Verify if 'Configure' menu in the Project dropdown menu on the Dashboard leads to 'Configuration' page"
"unknown","Tue Jul 25 15:40:04 GMT 2023","Tue Jul 25 15:40:04 GMT 2023","0","Surefire suite","Surefire test","tests.ViewsTest","tests.ViewsTest","testCreateListViewWithAddSettings","testCreateListViewWithAddSettings","Verify that created List Views contains added settings "
"passed","Tue Jul 25 15:43:19 GMT 2023","Tue Jul 25 15:43:21 GMT 2023","2592","Surefire suite","Surefire test","tests.PipelineTest","tests.PipelineTest","testRenamePipelineUsingSpecialCharacter","testRenamePipelineUsingSpecialCharacter","Verify 'Error' page is displayed and '‘<spChar>’ is an unsafe character' error message is displayed if rename pipeline using special character"
"passed","Tue Jul 25 15:48:58 GMT 2023","Tue Jul 25 15:49:02 GMT 2023","3382","Surefire suite","Surefire test","tests.FolderTest","tests.FolderTest","testMoveFolderInFolderFromDropdownMenuMoveButton","testMoveFolderInFolderFromDropdownMenuMoveButton","Verify that the folder can be moved into another folder from dropdown menu"
"passed","Tue Jul 25 15:47:52 GMT 2023","Tue Jul 25 15:47:54 GMT 2023","1504","Surefire suite","Surefire test","tests.MultibranchPipelineTest","tests.MultibranchPipelineTest","testMoveMenuOptionIsNotAvailable","testMoveMenuOptionIsNotAvailable","Verify that the 'Move' button isn't available in the side menu for Multibranch Pipeline if the folder isn't present"
"passed","Tue Jul 25 15:44:44 GMT 2023","Tue Jul 25 15:44:45 GMT 2023","527","Surefire suite","Surefire test","tests.HeaderComponentTest","tests.HeaderComponentTest","testReturnFromNewItemPageToHomePageByClickingOnHeadIcon","testReturnFromNewItemPageToHomePageByClickingOnHeadIcon","Verify if click on the Jenkins icon leads to the Main page that confirmed by base URL"
"unknown","Tue Jul 25 15:40:04 GMT 2023","Tue Jul 25 15:40:04 GMT 2023","0","Surefire suite","Surefire test","tests.FreestyleProjectTest","tests.FreestyleProjectTest","testFreestyleProjectPageIsOpenedFromDashboard","testFreestyleProjectPageIsOpenedFromDashboard","Verify if expected Project is opened from Dashboard, appropriate Status page contains an expected text"
"passed","Tue Jul 25 15:48:10 GMT 2023","Tue Jul 25 15:48:12 GMT 2023","2059","Surefire suite","Surefire test","tests.FolderTest","tests.FolderTest","testConfigureChangeFolderDisplayName","testConfigureChangeFolderDisplayName","Verify the ability to create a unique display name for the folder"
"unknown","Tue Jul 25 15:40:04 GMT 2023","Tue Jul 25 15:40:04 GMT 2023","0","Surefire suite","Surefire test","tests.FreestyleProjectTest","tests.FreestyleProjectTest","testSelectBuildPeriodicallyCheckbox","testSelectBuildPeriodicallyCheckbox","Verify if 'Build Periodically' checkbox in the 'Build Triggers' section is checked"
"passed","Tue Jul 25 15:41:45 GMT 2023","Tue Jul 25 15:41:51 GMT 2023","5915","Surefire suite","Surefire test","tests.PipelineTest","tests.PipelineTest","testBuildNewPipelineSuccess","testBuildNewPipelineSuccess","Verify pipeline status is 'Success' if build with sample 'Hello World'"
"passed","Tue Jul 25 15:52:15 GMT 2023","Tue Jul 25 15:52:15 GMT 2023","1","Surefire suite","Surefire test","runner.order.OrderForTestsTest","runner.order.OrderForTestsTest","orderMethodsCycleDepTest","orderMethodsCycleDepTest",""
"passed","Tue Jul 25 15:51:01 GMT 2023","Tue Jul 25 15:51:02 GMT 2023","802","Surefire suite","Surefire test","tests.NewItemTest","tests.NewItemTest","testCreateMultibranchPipelineInvalidName","testCreateMultibranchPipelineInvalidName","Check if multibranch pipeline can be created with unsafe characters in name"
"passed","Tue Jul 25 15:41:52 GMT 2023","Tue Jul 25 15:42:08 GMT 2023","16072","Surefire suite","Surefire test","tests.PipelineTest","tests.PipelineTest","testConfigureProjectToBeBuiltAfterBuildingOtherProject","testConfigureProjectToBeBuiltAfterBuildingOtherProject","Configure project to be automatically built after successful building of the other project"
"passed","Tue Jul 25 15:41:21 GMT 2023","Tue Jul 25 15:41:27 GMT 2023","5725","Surefire suite","Surefire test","tests.FooterComponentTest","tests.FooterComponentTest","testFooterLinkJenkinsIsClickable","testFooterLinkJenkinsIsClickable","Verification that the link redirect to the 'https://www.jenkins.io/'"
"passed","Tue Jul 25 15:51:54 GMT 2023","Tue Jul 25 15:51:55 GMT 2023","1186","Surefire suite","Surefire test","tests.NewItemTest","tests.NewItemTest","testCreateOrgFolder","testCreateOrgFolder","Verify that organization folder can be created"
"passed","Tue Jul 25 15:49:39 GMT 2023","Tue Jul 25 15:49:42 GMT 2023","2519","Surefire suite","Surefire test","tests.MultiConfigurationProjectTest","tests.MultiConfigurationProjectTest","testMultiConfigurationProjectDisable","testMultiConfigurationProjectDisable","Verify that the 'MultiConfigurationProject' can be disabled to project configuration page"
"passed","Tue Jul 25 15:44:41 GMT 2023","Tue Jul 25 15:44:42 GMT 2023","605","Surefire suite","Surefire test","tests.HeaderComponentTest","tests.HeaderComponentTest","testLogoHeadIconReloadMainPage","testLogoHeadIconReloadMainPage","Verify that 'Search' field value contains expected text {text} and clear after click on the Jenkins icon"
"passed","Tue Jul 25 15:50:30 GMT 2023","Tue Jul 25 15:50:44 GMT 2023","13465","Surefire suite","Surefire test","tests.MultiConfigurationProjectTest","tests.MultiConfigurationProjectTest","testSetContentInThreeBuildStepsBuildStatusOnGitHubCommitSaved","testSetContentInThreeBuildStepsBuildStatusOnGitHubCommitSaved","Verify that can  set content in three build steps and successfully saved"
"passed","Tue Jul 25 15:51:03 GMT 2023","Tue Jul 25 15:51:05 GMT 2023","1385","Surefire suite","Surefire test","tests.NewItemTest","tests.NewItemTest","testCreateMultibranchPipelineWithExistingName","testCreateMultibranchPipelineWithExistingName","Check if multibranch pipeline can be created with name, that is a name of already existing project"
"passed","Tue Jul 25 15:48:12 GMT 2023","Tue Jul 25 15:48:12 GMT 2023","231","Surefire suite","Surefire test","tests.FolderTest","tests.FolderTest","testConfigureFolderDisplayNameSaveFolderName","testConfigureFolderDisplayNameSaveFolderName","Verify that the previously changed folder name is saved"
"passed","Tue Jul 25 15:43:02 GMT 2023","Tue Jul 25 15:43:05 GMT 2023","2463","Surefire suite","Surefire test","tests.PipelineTest","tests.PipelineTest","testRenamePipelineUsingSpecialCharacter","testRenamePipelineUsingSpecialCharacter","Verify 'Error' page is displayed and '‘<spChar>’ is an unsafe character' error message is displayed if rename pipeline using special character"
"unknown","Tue Jul 25 15:40:04 GMT 2023","Tue Jul 25 15:40:04 GMT 2023","0","Surefire suite","Surefire test","tests.ViewsTest","tests.ViewsTest","testListViewAddRegexFilterJobNamesContainingNine","testListViewAddRegexFilterJobNamesContainingNine",""
"passed","Tue Jul 25 15:48:21 GMT 2023","Tue Jul 25 15:48:23 GMT 2023","1223","Surefire suite","Surefire test","tests.FolderTest","tests.FolderTest","testCreateFolderWithDescription","testCreateFolderWithDescription","Verify the ability to create a new folder with description"
"passed","Tue Jul 25 15:44:17 GMT 2023","Tue Jul 25 15:44:20 GMT 2023","2482","Surefire suite","Surefire test","tests.OrganizationFolderTest","tests.OrganizationFolderTest","testDeleteOrganizationFolderDependsMethods","testDeleteOrganizationFolderDependsMethods","Verify that the 'Organization Folder' can be deleted with the 'Delete' on the side menu"
"passed","Tue Jul 25 15:47:23 GMT 2023","Tue Jul 25 15:47:30 GMT 2023","6623","Surefire suite","Surefire test","tests.ManageJenkinsTest","tests.ManageJenkinsTest","testSetSystemMessage","testSetSystemMessage","Add a system message to the Jenkins configuration and verify that this message is displayed on the dashboard and on the folder status page"
"unknown","Tue Jul 25 15:40:04 GMT 2023","Tue Jul 25 15:40:04 GMT 2023","0","Surefire suite","Surefire test","tests.FreestyleProjectTest","tests.FreestyleProjectTest","testDeleteFreestyleProject","testDeleteFreestyleProject","Verify deletion of the project using side menu"
"passed","Tue Jul 25 15:44:26 GMT 2023","Tue Jul 25 15:44:29 GMT 2023","2873","Surefire suite","Surefire test","tests.OrganizationFolderTest","tests.OrganizationFolderTest","testRenameOrganizationFolder","testRenameOrganizationFolder","Verify that the 'Organization Folder' can be renamed"
"passed","Tue Jul 25 15:47:20 GMT 2023","Tue Jul 25 15:47:22 GMT 2023","1965","Surefire suite","Surefire test","tests.ManageJenkinsTest","tests.ManageJenkinsTest","testRenameFullUserName","testRenameFullUserName","Rename 'Full Name' for User with valid characters and verity that New Full Name is displayed on StatusUserPage and on Header and on Breadcrumbs"
"passed","Tue Jul 25 15:46:53 GMT 2023","Tue Jul 25 15:46:56 GMT 2023","2824","Surefire suite","Surefire test","tests.ManageJenkinsTest","tests.ManageJenkinsTest","testIsEmailPluginInstalledAndEnabled","testIsEmailPluginInstalledAndEnabled","Verify that Email Extension Plugin is installed and enabled"
"passed","Tue Jul 25 15:46:46 GMT 2023","Tue Jul 25 15:46:49 GMT 2023","2950","Surefire suite","Surefire test","tests.ManageJenkinsTest","tests.ManageJenkinsTest","testDeleteUserGoingFromConfigureUserPage","testDeleteUserGoingFromConfigureUserPage","Delete user by 'Delete' on the side menu on the 'Configure user' page and verify that deleted user is not displayed on the 'People' page"
"passed","Tue Jul 25 15:50:45 GMT 2023","Tue Jul 25 15:50:45 GMT 2023","462","Surefire suite","Surefire test","tests.NewItemTest","tests.NewItemTest","testCheckNavigationToNewItemPage","testCheckNavigationToNewItemPage","Check if 'New Item' button on side menu navigates to NewItemPage"
"passed","Tue Jul 25 15:40:53 GMT 2023","Tue Jul 25 15:40:56 GMT 2023","3537","Surefire suite","Surefire test","tests.PeoplePageTest","tests.PeoplePageTest","testFindUserInThePeopleSection","testFindUserInThePeopleSection","Locate a newly created user within the 'People' section"
"unknown","Tue Jul 25 15:40:04 GMT 2023","Tue Jul 25 15:40:04 GMT 2023","0","Surefire suite","Surefire test","tests.FreestyleProjectTest","tests.FreestyleProjectTest","testCheckFieldsDaysAndMaxNumberOfBuildsToKeepInConfigure","testCheckFieldsDaysAndMaxNumberOfBuildsToKeepInConfigure","Verify if 'Days to keep builds' and 'Max # of builds to keep' settings of 'Discard old builds' are displayed upon saved"
"passed","Tue Jul 25 15:51:11 GMT 2023","Tue Jul 25 15:51:12 GMT 2023","1214","Surefire suite","Surefire test","tests.NewItemTest","tests.NewItemTest","testCreateNewFreestyleProjectWithLongNameFrom256Characters","testCreateNewFreestyleProjectWithLongNameFrom256Characters","Check if a new freestyle project with name from 256 characters can be created"
"passed","Tue Jul 25 15:45:33 GMT 2023","Tue Jul 25 15:45:35 GMT 2023","1641","Surefire suite","Surefire test","tests.ManageJenkinsTest","tests.ManageJenkinsTest","testCreateUserWithEmptyConfirmPassword","testCreateUserWithEmptyConfirmPassword","Try to create user with empty 'Confirm password' field and verify that error message 'Password didn't match' appeared"
"passed","Tue Jul 25 15:43:12 GMT 2023","Tue Jul 25 15:43:15 GMT 2023","2428","Surefire suite","Surefire test","tests.PipelineTest","tests.PipelineTest","testRenamePipelineUsingSpecialCharacter","testRenamePipelineUsingSpecialCharacter","Verify 'Error' page is displayed and '‘<spChar>’ is an unsafe character' error message is displayed if rename pipeline using special character"
"passed","Tue Jul 25 15:49:07 GMT 2023","Tue Jul 25 15:49:09 GMT 2023","1820","Surefire suite","Surefire test","tests.FolderTest","tests.FolderTest","testRenameFolderFromDropDownMenuConfigure","testRenameFolderFromDropDownMenuConfigure","Verify that the name of the folder can be changed through 'Configure' dropdown menu"
"passed","Tue Jul 25 15:50:58 GMT 2023","Tue Jul 25 15:50:59 GMT 2023","1302","Surefire suite","Surefire test","tests.NewItemTest","tests.NewItemTest","testCreateMultibranchPipeline","testCreateMultibranchPipeline","Check if a new multibranch pipeline can be created"
"passed","Tue Jul 25 15:44:50 GMT 2023","Tue Jul 25 15:44:51 GMT 2023","550","Surefire suite","Surefire test","tests.HeaderComponentTest","tests.HeaderComponentTest","testUserDropdownMenuToOpenMyViewsUserPage","testUserDropdownMenuToOpenMyViewsUserPage","Verify if click on 'My views' link in the User dropdown menu leads to the views page that confirmed by 'My views' breadcrumb"
"passed","Tue Jul 25 15:42:22 GMT 2023","Tue Jul 25 15:42:24 GMT 2023","1305","Surefire suite","Surefire test","tests.PipelineTest","tests.PipelineTest","testPipelinePreviewDescription","testPipelinePreviewDescription","Verify the preview of description is displayed if fill out a description in the field of pipeline"
"passed","Tue Jul 25 15:49:36 GMT 2023","Tue Jul 25 15:49:38 GMT 2023","2109","Surefire suite","Surefire test","tests.MultiConfigurationProjectTest","tests.MultiConfigurationProjectTest","testMultiConfigurationProjectDelete","testMultiConfigurationProjectDelete","Verify that the 'MultiConfigurationProject' can be renamed to project status page"
"passed","Tue Jul 25 15:46:24 GMT 2023","Tue Jul 25 15:46:26 GMT 2023","1834","Surefire suite","Surefire test","tests.ManageJenkinsTest","tests.ManageJenkinsTest","testCreateUserWithIncorrectCharactersInName","testCreateUserWithIncorrectCharactersInName","Try to create user with invalid characters in name and verify that error message 'User name must only contain alphanumeric characters, underscore and dash' appeared"
"passed","Tue Jul 25 15:44:47 GMT 2023","Tue Jul 25 15:44:48 GMT 2023","879","Surefire suite","Surefire test","tests.HeaderComponentTest","tests.HeaderComponentTest","testUserDropdownMenuToOpenConfigureUserPage","testUserDropdownMenuToOpenConfigureUserPage","Verify if 'Configure' link in the User dropdown menu leads to the expected page that contains 'Add new Token' section"
"passed","Tue Jul 25 15:42:09 GMT 2023","Tue Jul 25 15:42:11 GMT 2023","2120","Surefire suite","Surefire test","tests.PipelineTest","tests.PipelineTest","testDeletePipelineFromDashboard","testDeletePipelineFromDashboard","Verify deleted Pipeline name doesn’t exist on a dashboard page if delete Pipeline with a menu button"
"passed","Tue Jul 25 15:47:59 GMT 2023","Tue Jul 25 15:48:01 GMT 2023","1984","Surefire suite","Surefire test","tests.MultibranchPipelineTest","tests.MultibranchPipelineTest","testRenameMultiBranchPipelineFromDropdown","testRenameMultiBranchPipelineFromDropdown","Verify that 'Multibranch Pipeline' can be renamed from the drop-down menu"
"passed","Tue Jul 25 15:48:49 GMT 2023","Tue Jul 25 15:48:51 GMT 2023","1588","Surefire suite","Surefire test","tests.FolderTest","tests.FolderTest","testDeleteFolder","testDeleteFolder","Verify that the folder can be deleted"
"passed","Tue Jul 25 15:46:10 GMT 2023","Tue Jul 25 15:46:12 GMT 2023","1894","Surefire suite","Surefire test","tests.ManageJenkinsTest","tests.ManageJenkinsTest","testCreateUserWithIncorrectCharactersInName","testCreateUserWithIncorrectCharactersInName","Try to create user with invalid characters in name and verify that error message 'User name must only contain alphanumeric characters, underscore and dash' appeared"
"passed","Tue Jul 25 15:41:01 GMT 2023","Tue Jul 25 15:41:04 GMT 2023","2879","Surefire suite","Surefire test","tests.PeoplePageTest","tests.PeoplePageTest","testCreateUser","testCreateUser","Verify that new user was created"
"passed","Tue Jul 25 15:43:23 GMT 2023","Tue Jul 25 15:43:25 GMT 2023","2141","Surefire suite","Surefire test","tests.PipelineTest","tests.PipelineTest","testRenamePipelineUsingSpecialCharacter","testRenamePipelineUsingSpecialCharacter","Verify 'Error' page is displayed and '‘<spChar>’ is an unsafe character' error message is displayed if rename pipeline using special character"
"passed","Tue Jul 25 15:51:34 GMT 2023","Tue Jul 25 15:51:35 GMT 2023","534","Surefire suite","Surefire test","tests.NewItemTest","tests.NewItemTest","testCreateNewItemWithSpecialCharacterName","testCreateNewItemWithSpecialCharacterName","Verify that creating NewItem with special characters is not possible"
"passed","Tue Jul 25 15:46:05 GMT 2023","Tue Jul 25 15:46:07 GMT 2023","1917","Surefire suite","Surefire test","tests.ManageJenkinsTest","tests.ManageJenkinsTest","testCreateUserWithIncorrectCharactersInName","testCreateUserWithIncorrectCharactersInName","Try to create user with invalid characters in name and verify that error message 'User name must only contain alphanumeric characters, underscore and dash' appeared"
"passed","Tue Jul 25 15:50:48 GMT 2023","Tue Jul 25 15:50:48 GMT 2023","325","Surefire suite","Surefire test","tests.NewItemTest","tests.NewItemTest","testCreateFreestyleProjectWithEmptyName","testCreateFreestyleProjectWithEmptyName","Check if a new freestyle project with empty name can be created"
"passed","Tue Jul 25 15:40:51 GMT 2023","Tue Jul 25 15:40:52 GMT 2023","668","Surefire suite","Surefire test","tests.CopyItemTest","tests.CopyItemTest","testFieldCopyFromDoNotDisplayIfDoNotHaveAnyItems","testFieldCopyFromDoNotDisplayIfDoNotHaveAnyItems","Verify 'Copy from' field is not displayed when there are no items exist"
"passed","Tue Jul 25 15:45:26 GMT 2023","Tue Jul 25 15:45:28 GMT 2023","2356","Surefire suite","Surefire test","tests.ManageJenkinsTest","tests.ManageJenkinsTest","testCreateNewNodeWithValidNameFromDashboard","testCreateNewNodeWithValidNameFromDashboard","Create New Node by clicking on 'Build Executor Status' on Dashboard"
"passed","Tue Jul 25 15:40:56 GMT 2023","Tue Jul 25 15:40:58 GMT 2023","2216","Surefire suite","Surefire test","tests.PeoplePageTest","tests.PeoplePageTest","testPeopleDeleteUser","testPeopleDeleteUser","Verify that user was deleted"
"passed","Tue Jul 25 15:46:08 GMT 2023","Tue Jul 25 15:46:10 GMT 2023","1925","Surefire suite","Surefire test","tests.ManageJenkinsTest","tests.ManageJenkinsTest","testCreateUserWithIncorrectCharactersInName","testCreateUserWithIncorrectCharactersInName","Try to create user with invalid characters in name and verify that error message 'User name must only contain alphanumeric characters, underscore and dash' appeared"
"passed","Tue Jul 25 15:50:51 GMT 2023","Tue Jul 25 15:50:53 GMT 2023","1888","Surefire suite","Surefire test","tests.NewItemTest","tests.NewItemTest","testCreateMultiConfigurationProjectWithDescription","testCreateMultiConfigurationProjectWithDescription","Check if multi-configuration project can be created with description"
"passed","Tue Jul 25 15:41:43 GMT 2023","Tue Jul 25 15:41:45 GMT 2023","2026","Surefire suite","Surefire test","tests.PipelineTest","tests.PipelineTest","testBuildNewPipeline","testBuildNewPipeline","Verify last Success text is 'N/A' if build with sample 'Hello World'"
"passed","Tue Jul 25 15:44:56 GMT 2023","Tue Jul 25 15:44:57 GMT 2023","533","Surefire suite","Surefire test","tests.BuildHistoryTest","tests.BuildHistoryTest","testIconLegendExist","testIconLegendExist","Verify that the 'Icon Legend' exist on the 'Build History' page"
"passed","Tue Jul 25 15:48:13 GMT 2023","Tue Jul 25 15:48:14 GMT 2023","1204","Surefire suite","Surefire test","tests.FolderTest","tests.FolderTest","testCreateFolder","testCreateFolder","Verify the ability to create a new folder for organizing items"
"passed","Tue Jul 25 15:42:41 GMT 2023","Tue Jul 25 15:42:44 GMT 2023","2488","Surefire suite","Surefire test","tests.PipelineTest","tests.PipelineTest","testRenamePipelineUsingSpecialCharacter","testRenamePipelineUsingSpecialCharacter","Verify 'Error' page is displayed and '‘<spChar>’ is an unsafe character' error message is displayed if rename pipeline using special character"
"passed","Tue Jul 25 15:51:26 GMT 2023","Tue Jul 25 15:51:27 GMT 2023","528","Surefire suite","Surefire test","tests.NewItemTest","tests.NewItemTest","testCreateNewItemWithSpecialCharacterName","testCreateNewItemWithSpecialCharacterName","Verify that creating NewItem with special characters is not possible"
"passed","Tue Jul 25 15:42:31 GMT 2023","Tue Jul 25 15:42:34 GMT 2023","2540","Surefire suite","Surefire test","tests.PipelineTest","tests.PipelineTest","testRenamePipelineUsingSpecialCharacter","testRenamePipelineUsingSpecialCharacter","Verify 'Error' page is displayed and '‘<spChar>’ is an unsafe character' error message is displayed if rename pipeline using special character"
